idade,renda_mensal,meses_no_emprego,divida_atual,score_credito,inadimplente
18,9129.46,100,5703.09,592,0
28,3359.22,17,4510.06,550,1
25,9446.46,88,4887.11,596,0
27,6765.41,99,1779.26,634,0
36,8049.7,44,2855.41,721,1
25,2095.45,13,4033.04,477,1
18,4558.6,63,1017.2,595,0
18,2984.08,29,2308.1,499,0
18,556.04,50,1872.12,435,1
20,7349.0,88,2864.97,601,0
18,169.91,14,3011.28,369,0
18,1413.9,9,1519.71,362,0
23,8078.33,68,2705.81,584,0
34,2167.1,29,3089.38,467,1
34,6294.73,3,3204.28,304,0
25,6703.57,58,275.4,598,0
22,3679.0,39,1266.91,499,1
18,97.38,13,2561.24,353,0
22,917.72,32,2672.29,428,0
33,3385.11,45,340.23,419,0
38,3642.19,25,6080.35,626,0
44,5438.12,26,7143.95,729,1
19,4119.24,43,2829.28,592,0
18,3716.98,112,2780.83,526,1
39,5470.99,33,3590.37,617,0
23,3683.45,36,1958.72,517,1
37,9834.37,77,3816.21,606,0
33,3945.29,43,3835.25,300,0
30,1549.81,59,507.53,420,1
20,4364.75,82,1021.85,623,0
18,1148.57,8,2294.34,383,0
22,7787.14,55,1703.66,581,0
29,3414.38,47,4786.21,633,0
31,5732.9,52,1744.92,612,0
23,1010.87,11,1765.06,345,0
21,9274.64,54,3458.49,571,0
22,3989.89,60,2639.07,613,0
23,891.6,23,3472.3,436,1
18,2975.32,32,4344.7,585,0
18,694.53,0,2013.98,339,0
18,2654.04,24,1018.82,300,0
25,6126.32,69,127.17,617,0
18,672.37,21,2465.21,403,1
26,5302.81,77,838.45,630,0
32,3971.2,81,953.66,507,1
56,8544.27,27,5720.83,332,0
23,6080.8,66,69.14,603,0
32,1717.66,52,2148.52,470,1
25,2690.94,38,1777.74,300,0
18,6683.56,90,2794.63,593,0
29,2187.28,125,3657.71,440,1
35,5784.3,26,3177.26,604,0
18,644.62,31,3835.36,484,0
28,3357.71,8,60.88,351,0
38,6928.11,37,4074.96,704,1
21,3872.98,61,2196.46,596,1
26,2889.47,17,972.24,300,0
29,6530.55,87,825.77,631,0
42,2683.45,35,787.16,336,0
18,1048.59,23,2791.43,341,0
20,3708.54,20,4554.3,586,0
25,2081.43,24,744.58,375,0
26,7058.03,56,547.87,594,0
35,3223.89,22,1093.32,326,0
25,7019.98,65,1017.43,597,0
44,2098.92,25,10661.89,448,1
65,7871.77,7,10003.81,820,1
32,2672.91,39,6201.34,634,0
18,1741.77,39,5185.16,465,0
29,4671.12,9,1847.55,300,0
24,5540.57,16,2537.55,300,0
52,5364.72,14,4448.78,300,0
35,1846.98,91,1502.32,420,1
18,5860.61,40,3622.87,412,1
21,10364.93,86,6002.99,589,0
27,6652.1,46,607.81,597,0
23,3035.09,20,706.16,300,0
36,10724.45,118,6408.71,639,0
19,1064.66,46,2819.84,479,0
18,3326.21,75,1355.75,599,0
36,3035.71,86,642.39,487,1
28,2700.65,17,6581.78,607,0
31,4769.07,17,2160.46,510,1
31,887.43,14,22.71,300,0
32,5802.54,12,3338.65,582,0
18,848.99,13,2191.55,369,0
20,7890.06,70,2852.71,580,0
34,3435.81,17,3031.36,300,0
23,3413.99,25,4944.6,597,0
22,4282.28,39,3284.96,602,0
28,13001.67,97,9083.02,588,0
45,3944.03,55,4072.39,355,1
20,453.98,89,2439.53,350,1
19,5233.45,75,1075.76,642,1
28,2623.45,18,325.39,360,0
35,6571.68,2,1535.85,513,1
23,162.42,3,1294.75,300,0
34,2903.8,11,2416.11,300,0
18,5458.4,70,759.57,580,0
18,807.61,58,1066.71,300,1
39,7761.29,113,2136.41,672,1
39,4602.24,51,783.9,454,0
22,6257.43,70,307.71,612,0
18,8066.31,90,5599.35,558,0
18,9704.32,105,6795.82,588,0
18,819.05,5,1492.94,300,0
18,1379.97,29,660.9,300,1
26,5433.02,38,2163.0,593,0
36,2362.29,64,1665.38,499,0
20,5966.68,81,780.52,610,0
18,5143.52,34,1914.13,425,1
33,4334.19,27,827.04,395,0
32,23.49,96,3450.01,559,0
23,1358.17,17,7770.92,606,0
22,8442.05,71,3325.71,581,0
38,5539.36,3,2864.11,300,0
18,1368.95,97,2308.54,411,1
36,2501.36,41,6679.87,646,0
63,5235.12,18,10477.26,712,1
34,2979.26,12,3707.14,422,1
23,983.39,48,2472.96,461,0
28,367.4,8,900.85,300,0
18,6953.25,70,1685.99,591,0
30,2597.68,27,270.02,352,0
21,2676.94,45,4767.94,612,0
23,1938.29,25,1118.5,389,0
40,2943.95,22,1159.97,303,0
32,1058.5,67,2786.18,505,0
18,1787.22,50,4804.78,604,0
18,4963.11,9,807.22,363,0
55,6547.5,17,4987.43,300,0
18,6556.67,76,2753.36,569,0
41,3013.7,46,817.86,376,0
45,10234.71,109,6589.58,900,1
23,156.11,82,1513.88,352,1
30,2392.39,9,2876.6,381,1
18,1325.37,63,1069.8,472,1
46,1001.47,13,9773.58,560,1
30,11173.58,108,7244.03,610,0
18,2012.88,30,1908.66,447,0
18,432.65,46,6441.61,609,0
19,2580.74,7,1282.96,385,0
18,8244.5,115,5734.44,604,0
18,954.1,34,1332.34,300,0
33,1976.53,36,2303.19,445,1
22,7499.48,61,1711.77,585,0
45,5226.81,38,8086.33,785,1
32,5638.65,50,249.86,524,0
18,1189.12,73,5824.08,573,0
18,525.11,5,2055.01,319,0
64,8291.99,16,9969.32,894,1
27,3266.6,54,1673.4,525,0
44,4196.18,23,2495.57,300,0
25,1150.79,20,1005.07,338,0
53,6543.97,60,2761.76,667,0
37,8335.8,102,2924.14,642,0
32,3238.25,23,157.77,369,0
21,7452.45,93,2811.46,617,0
36,3345.48,22,691.98,345,0
30,5416.06,59,2053.27,630,0
19,3149.11,51,3956.28,617,0
25,2911.66,27,2921.28,500,1
43,3235.28,57,2288.56,527,1
22,5313.15,13,4904.62,644,1
24,6402.27,68,405.52,606,0
42,3314.06,9,7564.34,626,1
20,1744.9,6,140.63,300,0
22,2912.04,1,560.48,300,0
34,4870.34,53,2987.97,625,0
18,3311.78,61,2986.46,611,0
21,8826.0,70,3635.04,584,0
18,4093.51,71,1502.15,611,0
18,6214.83,82,2356.94,580,0
18,4347.37,55,1544.38,586,0
18,2752.72,53,7334.14,549,0
35,2959.95,43,81.42,406,0
27,418.21,59,2583.14,459,0
18,198.31,59,915.82,405,1
18,5537.12,35,914.49,562,0
31,4669.92,10,4730.19,590,0
18,4313.48,81,89.86,599,0
40,1098.77,13,492.25,300,0
38,6758.87,51,1392.16,626,0
30,5753.09,17,3495.21,300,0
22,6054.73,80,513.88,620,0
28,1115.78,48,2498.82,459,0
18,1069.76,38,5802.44,520,0
24,5038.58,79,577.49,617,0
25,5491.32,60,4970.13,300,0
35,6085.91,41,2067.96,608,0
37,6280.56,34,3622.41,655,1
25,1399.09,9,8922.63,588,0
18,5819.72,71,589.45,596,0
20,8215.63,77,3288.05,592,0
36,4938.64,13,1875.85,340,0
20,3244.04,9,668.15,300,0
18,7420.08,62,2055.25,578,0
29,5848.71,87,28.63,638,0
33,2887.01,24,4211.44,529,1
50,3179.42,6,9785.19,686,1
26,1922.68,9,8407.93,586,0
18,9485.81,89,7177.98,546,0
21,117.56,83,5059.25,613,0
18,10654.8,81,6655.35,569,0
18,53.86,7,2699.65,355,0
45,4061.88,34,1415.39,358,0
18,1206.55,17,2460.22,410,0
18,6821.51,65,1798.21,579,0
29,4715.87,26,5118.4,647,1
21,10271.74,67,5517.82,561,0
18,5267.2,59,648.05,563,0
37,6631.41,25,3346.87,375,0
42,5985.06,20,5122.57,300,0
18,1549.9,21,1918.58,325,0
42,4706.46,32,1196.61,392,0
39,4330.62,36,1233.66,389,0
18,339.29,10,3174.11,365,0
24,4723.4,18,2768.44,300,0
27,6439.33,56,283.6,600,0
40,6914.07,40,6470.49,300,0
42,3138.61,3,2718.31,300,0
20,4123.38,46,2949.16,601,0
18,4117.88,105,9829.52,710,0
23,6837.85,88,1745.12,620,0
18,928.58,12,1750.45,302,0
18,86.28,62,167.73,300,0
30,3219.71,47,4920.76,629,0
23,7206.58,39,374.98,572,0
29,2791.25,13,1099.51,300,0
61,10861.8,13,6233.99,847,1
20,1820.27,2,355.57,300,0
29,3614.17,39,4932.09,626,0
44,2798.9,22,3144.06,460,1
25,1301.34,96,4452.69,660,0
18,2553.65,26,4466.44,300,0
26,2576.3,80,545.28,475,1
36,3094.23,35,3096.18,345,1
34,6246.68,14,3580.3,300,0
26,9592.64,97,5191.31,609,0
25,826.52,31,51.97,300,0
18,2032.32,62,6995.78,582,0
62,5225.2,17,10192.19,706,1
27,359.56,11,51.69,300,0
40,5452.44,18,4667.53,300,0
18,1243.94,14,1143.06,300,0
41,7033.19,34,5800.13,300,0
26,4560.21,47,2792.49,605,0
21,221.62,39,3173.78,439,0
33,6889.47,53,535.87,611,0
28,7971.38,61,1727.03,593,0
18,1460.65,53,5553.44,511,0
18,1283.7,15,3530.78,300,0
35,6569.43,90,296.8,650,0
18,6612.98,68,1053.83,598,0
25,8381.58,81,3111.26,606,0
18,1223.5,20,5078.74,444,0
30,4815.21,14,592.28,398,0
50,4835.27,78,772.74,571,1
26,2635.15,31,965.72,421,0
18,1642.1,48,599.59,300,0
23,667.71,5,8993.42,599,0
18,4872.7,65,112.44,583,0
31,6213.46,55,1074.0,614,0
26,3963.53,75,2439.06,634,0
24,2004.43,28,920.32,300,0
20,1601.58,96,3307.69,377,1
18,2815.72,104,2297.89,485,1
18,8498.47,85,4402.05,585,0
18,2485.79,69,2525.71,300,0
56,9073.51,52,8609.4,900,1
39,4751.07,36,4367.75,626,0
19,7246.23,82,2458.47,599,0
30,2056.81,76,2236.77,546,0
33,5229.95,36,3361.1,616,0
24,5776.27,70,402.03,617,0
18,6229.5,46,227.79,566,0
19,5204.99,58,1005.15,598,0
53,4357.32,17,9732.69,751,1
52,5894.19,79,827.9,611,1
18,3964.81,49,2169.05,585,0
37,3577.92,47,584.58,416,0
18,3326.4,44,2765.12,578,0
18,8970.14,107,5837.36,598,0
35,4690.18,96,829.51,570,1
33,3478.64,14,6326.5,612,0
32,8888.69,17,768.77,554,1
36,1809.61,7,753.34,300,0
18,3920.93,49,2695.44,597,0
18,4209.37,52,2033.68,593,0
33,3615.85,35,141.12,424,0
18,2706.28,21,5213.35,581,0
30,8356.27,54,1700.86,587,0
31,6443.86,63,510.28,619,0
31,4454.39,55,1997.18,580,1
21,1071.17,53,4361.88,469,0
69,4992.4,20,12602.48,773,1
33,6156.49,68,904.29,631,0
29,2087.91,1,882.26,300,0
25,4712.79,56,2247.04,613,0
29,5605.07,49,1838.75,609,0
71,8114.89,43,14107.96,900,1
26,7552.69,92,2664.44,617,0
18,2235.81,35,201.91,300,1
18,1402.68,28,2500.16,455,1
32,3232.82,3,1347.98,300,0
22,2532.19,47,1600.57,487,0
44,9005.65,51,4577.36,828,1
19,11066.85,103,7958.41,585,0
18,1781.84,40,5439.72,471,0
75,5879.11,0,14937.86,900,1
37,3714.31,21,1184.16,338,0
33,6825.77,47,5421.57,300,0
19,2745.01,31,2914.55,511,1
18,369.73,49,4254.75,517,0
21,2455.16,55,2526.27,300,0
39,7247.04,58,561.88,626,0
18,561.8,21,2386.08,300,0
24,804.04,29,1453.24,366,0
66,11819.74,52,9323.68,900,1
18,1377.88,65,1233.72,300,1
18,2032.59,29,5047.73,420,0
20,7617.55,71,2636.71,578,0
18,527.79,15,1348.96,300,0
21,8592.41,71,3474.29,584,0
18,1921.52,40,1860.58,464,1
18,645.16,57,167.68,329,1
43,6533.56,24,6091.07,300,0
18,2275.83,60,1341.52,508,1
24,747.51,39,2680.2,437,0
38,4499.29,45,4327.52,638,0
49,5109.78,9,7359.76,676,1
43,60.04,76,1534.62,419,0
36,4524.88,12,2470.79,433,1
24,7758.87,46,1139.0,577,0
23,2638.56,10,350.84,300,0
59,7902.87,19,8653.53,843,1
39,2930.34,99,2103.48,615,0
18,9683.36,112,6822.78,598,0
18,433.58,82,1526.1,376,1
30,9453.05,107,5204.7,621,0
20,2304.78,0,299.53,318,0
27,4223.43,21,4517.99,594,0
26,1226.12,13,635.43,300,0
22,2088.74,23,6752.15,613,0
31,8615.54,46,1439.7,586,0
26,7100.9,58,614.05,599,0
18,779.57,18,1024.1,300,0
45,7954.94,81,767.13,648,0
30,8903.71,100,3991.49,629,0
18,3045.99,35,2348.58,522,0
18,1502.65,28,125.65,300,0
31,7547.41,77,1605.39,614,0
25,1950.71,26,965.41,383,0
18,582.94,57,647.24,351,1
30,3202.74,60,1082.91,509,0
24,1548.96,23,285.41,300,0
18,814.42,62,897.47,305,1
30,3177.48,76,1220.4,457,1
18,1150.86,54,5088.0,503,0
18,1059.54,91,2767.88,373,1
18,586.62,96,6225.57,715,0
25,4364.3,38,3419.97,601,0
30,5787.72,48,1912.14,613,0
43,1843.27,34,279.41,319,0
40,8962.76,0,965.22,572,1
18,2138.38,42,754.28,300,1
21,3494.89,40,3801.6,595,0
36,804.6,73,3121.53,451,0
18,1386.23,5,4002.62,353,0
18,502.96,90,2735.54,357,1
31,4832.81,15,4418.15,595,0
43,9875.0,104,3994.53,655,0
34,3262.78,63,205.78,477,1
64,6210.84,52,7438.3,550,1
25,4095.71,58,2847.45,616,0
32,3275.65,2,1925.23,300,0
24,4461.93,62,2340.53,622,0
18,1750.31,18,182.74,300,0
30,4003.39,47,3959.32,622,0
20,5229.93,41,2943.87,632,1
25,7062.01,63,996.78,594,0
44,4596.91,53,4438.88,655,0
32,4952.91,74,1952.43,640,0
18,95.03,28,3380.57,421,0
28,6103.41,27,1953.79,584,0
18,223.52,47,3345.34,474,0
39,4970.56,112,913.3,608,1
24,4197.38,58,1517.25,569,1
18,6841.16,84,3843.36,563,0
54,8095.53,2,6636.74,740,1
18,1422.59,3,1584.44,354,0
50,7669.82,92,1354.36,738,1
18,2586.39,38,6894.11,502,0
23,3096.31,28,1054.73,441,1
25,7905.88,72,2143.7,605,0
44,2867.93,30,2971.7,475,1
23,10257.26,83,5853.7,582,0
19,1991.61,4,550.22,305,0
26,5998.71,49,1111.01,601,0
24,2488.77,26,5808.07,597,0
27,1414.96,32,1924.5,411,0
26,2797.81,59,4464.62,629,0
18,2507.57,39,3431.45,566,0
28,812.32,59,2340.08,466,0
18,2683.7,15,1487.52,417,0
32,7216.99,38,614.63,591,0
23,9454.39,72,4335.89,582,0
33,5811.97,1,839.23,451,1
37,6189.94,38,4154.37,682,1
18,631.53,5,1094.17,300,0
40,4523.45,48,4181.18,638,0
22,6070.77,53,523.36,598,0
28,5579.51,66,1114.57,621,0
27,1903.76,0,608.97,300,0
27,6960.72,68,556.06,616,0
18,5564.94,65,474.17,582,0
24,2098.83,23,6830.42,613,0
24,2052.0,141,4413.29,450,1
29,6091.25,72,429.71,627,0
18,4286.32,27,3155.85,575,0
27,5768.51,33,2169.43,593,0
19,1954.28,61,3537.18,577,0
21,749.41,29,2453.98,409,0
30,7429.88,31,4396.78,300,0
18,5212.69,37,244.51,545,0
18,2658.08,44,2900.85,543,1
39,4749.78,7,3956.8,507,1
36,5328.59,34,4260.81,300,0
53,1933.24,16,10871.83,619,1
24,1358.74,59,55.66,400,1
30,3315.09,11,1208.78,300,0
23,9512.2,104,5884.51,601,0
18,647.7,64,680.65,300,0
33,7080.08,78,765.32,628,0
31,906.33,74,2807.54,518,0
26,7877.49,73,2323.91,596,0
18,2811.34,23,4687.92,359,0
34,10535.95,79,4816.24,604,0
18,2468.11,60,6363.04,520,0
29,2443.34,5,27.93,311,0
52,6744.79,5,6620.78,671,1
18,6838.68,55,1228.05,574,0
33,2060.33,97,1810.76,435,1
18,4677.55,73,2792.51,300,0
20,839.37,41,2844.26,456,0
58,7755.99,23,6809.29,666,1
37,5758.15,32,3190.13,615,0
18,1530.58,51,2114.36,485,0
36,6858.58,80,374.96,633,0
18,1066.63,0,2415.7,366,0
18,749.86,1,1877.69,328,0
51,2024.72,36,8582.87,491,1
30,4861.66,49,3009.48,624,0
18,609.13,9,3547.28,371,0
27,5596.31,45,1771.03,601,0
40,10312.63,64,2655.61,840,1
18,822.75,3,2438.92,363,0
26,4558.81,51,2678.95,610,0
23,601.34,70,1400.66,345,1
21,1238.99,27,2448.27,422,0
18,1218.99,5,3100.35,416,0
18,898.79,51,1467.57,432,1
18,446.54,22,2822.89,368,1
36,4473.82,14,2145.73,313,0
27,2048.92,53,1822.38,479,0
44,5684.47,29,6811.04,734,1
48,4989.79,60,10197.86,900,1
18,4914.36,46,1610.79,585,0
18,1458.09,6,1525.17,356,0
18,1738.37,12,1814.76,300,1
31,2120.4,15,911.02,300,0
18,48.25,14,3113.52,386,0
35,2674.52,3,1319.63,300,0
23,4333.03,1,854.77,349,0
22,759.65,31,2574.63,416,0
18,10147.44,93,6799.03,574,0
42,5167.76,13,4651.96,300,0
31,1613.51,64,2414.92,508,0
40,5666.02,42,3373.23,636,0
25,1629.3,44,6538.19,631,0
28,7562.05,75,1858.13,605,0
32,5283.17,69,1929.04,640,0
29,2964.77,1,978.78,300,0
29,4221.75,40,3487.39,300,0
18,4390.46,33,2442.58,570,0
36,3716.24,42,5134.76,634,0
18,8886.94,112,5849.75,606,0
22,2000.92,14,877.67,358,0
26,6723.06,53,58.01,596,0
26,11445.16,82,6949.5,577,0
30,6763.45,73,365.36,623,0
18,362.27,34,4402.14,480,0
21,914.73,22,1540.12,360,0
31,2720.09,20,613.3,329,0
22,6419.9,67,484.12,604,0
23,2143.72,16,869.27,366,0
37,3018.95,7,5056.59,485,1
44,2518.01,33,2405.47,447,1
24,7724.5,74,2068.9,606,0
31,5781.35,27,1901.47,563,1
29,2074.42,79,648.89,443,1
28,2464.01,76,175.2,473,1
18,1636.44,11,1408.98,326,0
51,8769.28,43,6947.15,882,1
56,5961.16,47,11297.81,900,1
18,1444.89,29,2160.03,300,1
18,6722.49,71,1876.32,586,0
18,1152.25,64,295.18,320,1
38,3721.24,31,1172.04,357,0
33,7404.18,73,939.65,622,0
18,800.41,40,3801.14,435,0
26,2645.31,52,1704.13,500,0
30,4945.94,55,2465.5,619,0
39,3884.68,22,3665.24,300,0
30,2354.86,30,800.65,394,0
18,914.65,53,3788.3,537,0
18,7030.25,74,2269.6,584,0
43,4636.51,25,2526.31,318,0
18,3105.66,49,7441.51,534,0
18,233.05,28,3146.29,400,0
24,2094.49,2,7632.22,582,0
23,1208.35,97,1800.98,417,1
45,5952.85,47,3588.31,659,1
18,987.68,9,3279.3,335,0
36,2740.91,21,281.4,336,0
18,5940.36,87,2171.52,588,0
18,687.79,69,5424.63,631,0
28,6968.89,42,355.64,590,0
36,6192.45,54,1673.58,624,0
32,5188.24,10,3145.88,300,0
48,6367.77,19,3904.43,310,0
26,2706.28,13,378.9,357,0
26,4158.69,65,2934.07,637,0
22,1404.37,22,1271.78,369,0
18,2341.34,50,4567.81,609,0
19,4555.45,57,1784.78,601,0
18,6001.45,52,98.45,576,0
20,1385.08,87,1368.58,422,1
18,7831.78,78,3164.67,589,0
18,7013.04,40,1347.23,546,0
28,4125.21,45,2630.77,573,1
35,4788.3,48,3521.59,630,0
18,6978.0,74,2752.13,572,0
27,952.57,42,328.26,354,1
33,96.3,94,3685.71,557,0
18,2230.64,22,218.8,300,0
33,5784.81,54,1553.61,611,0
32,3433.34,1,1124.5,300,0
20,4084.74,55,2653.97,611,0
29,6595.42,73,218.17,624,0
43,1988.27,42,189.55,348,0
21,533.37,20,1943.92,357,0
27,1263.0,108,2337.09,416,1
18,5925.3,53,35.45,580,0
27,4620.02,45,2947.68,607,0
29,5699.58,55,711.44,582,1
29,4222.25,31,4127.21,601,0
18,8573.61,76,4065.9,578,0
21,4008.44,35,3647.57,598,0
18,2951.29,0,1099.91,381,0
28,69.55,69,3554.5,501,0
40,1880.98,70,1653.04,488,0
43,750.97,62,5939.79,300,1
32,4534.3,1,1848.64,441,1
53,10119.52,85,8805.74,900,1
35,7042.59,82,740.9,633,0
30,3026.72,42,838.66,449,0
26,2924.15,52,1789.72,514,0
18,3823.43,50,2455.8,589,0
28,1275.4,57,6498.3,642,0
18,3428.84,43,1589.6,300,0
31,3775.16,41,427.62,460,0
28,1730.44,45,1774.53,445,0
35,4967.89,47,4551.94,300,0
27,161.66,109,3804.81,307,1
48,6328.82,15,5357.94,588,1
18,2543.53,26,1975.9,300,1
28,5529.65,67,1234.73,627,0
23,3235.26,17,420.92,361,0
18,7366.25,52,1643.64,570,0
34,1807.21,125,3482.44,424,1
48,7425.38,56,8106.52,900,1
37,7592.33,15,1928.36,596,1
27,4370.11,11,987.74,363,0
21,929.82,10,434.34,300,0
61,6105.68,89,5019.26,368,1
38,6057.62,26,2668.4,380,0
22,6330.22,55,46.71,589,0
27,7700.36,50,1002.97,585,0
27,2285.18,9,1591.41,300,0
18,3008.55,53,1924.91,565,0
18,4184.76,53,2199.88,596,0
52,6251.9,7,7853.54,730,1
27,2915.28,22,6154.97,612,0
36,4686.73,5,2712.05,300,0
20,2752.14,14,656.37,381,0
35,2807.03,25,6944.92,630,0
31,10770.99,98,6313.2,606,0
46,4155.51,12,2784.53,300,0
36,9838.68,85,4112.35,616,0
31,2003.19,1,530.02,300,0
33,10470.96,106,5918.75,624,0
52,9015.97,61,303.69,647,0
19,5805.64,22,1585.04,559,0
30,5883.2,33,2427.53,603,0
38,7457.75,37,3650.06,708,1
18,3111.08,21,462.92,300,0
28,5453.47,34,2528.55,595,0
37,6112.24,27,4221.63,300,0
18,11372.11,110,9270.51,571,0
61,9618.62,26,8644.31,900,1
39,6180.68,63,5622.08,796,1
26,6082.74,60,598.25,609,0
18,2731.49,58,2689.82,587,0
18,7047.32,116,4598.45,606,0
57,3399.56,31,9246.14,572,1
30,4384.93,40,3752.19,300,0
24,7616.93,57,1418.7,586,0
19,1725.69,13,1860.98,389,0
38,4236.38,28,5089.71,616,0
18,7944.07,111,5455.11,594,0
33,2363.36,30,31.33,358,0
18,4079.03,73,616.97,593,0
26,3364.77,24,2601.8,300,0
18,958.29,24,3615.96,466,0
18,1692.4,7,4111.94,348,0
24,106.6,18,1512.35,315,0
27,2280.34,2,660.86,300,0
21,7486.24,80,2471.49,601,0
18,6190.06,79,1846.09,588,0
45,6820.8,83,582.19,661,0
18,231.98,8,9483.56,600,0
22,7386.73,98,3061.97,616,0
47,8096.31,67,6908.79,900,1
18,2353.66,2,571.21,339,0
18,933.8,58,5881.05,560,0
18,1416.4,88,2610.95,300,1
34,4844.61,86,179.53,593,1
20,5627.81,71,3.66,604,0
28,3127.02,21,1931.75,300,0
18,7268.71,89,2961.81,603,0
19,1427.98,25,3173.04,456,1
31,2691.31,64,2430.95,549,0
28,7598.44,76,1652.52,615,0
19,916.01,11,2054.49,359,0
18,179.37,6,1884.17,300,0
18,8771.56,109,6464.83,583,0
29,3073.28,30,5745.55,616,0
22,965.51,20,3321.44,427,1
33,6469.64,45,1363.31,608,0
22,12.1,4,1982.19,300,0
24,6125.72,62,231.1,606,0
35,5353.88,10,2279.21,463,1
33,1890.26,11,653.49,300,0
33,4092.82,46,4205.91,627,0
30,4991.36,36,3154.26,603,0
37,3072.3,13,6320.8,584,1
28,1839.66,60,6118.9,655,0
21,245.49,43,3345.31,437,0
27,2653.33,85,1532.42,450,1
38,7205.74,50,775.17,617,0
21,7286.39,56,1210.41,585,0
22,2184.33,20,717.66,300,0
18,2180.39,38,8025.82,580,0
18,1593.49,0,1369.14,343,0
32,3240.87,85,162.55,518,1
48,7074.08,26,5805.05,735,1
26,3678.46,7,1479.14,300,0
19,343.08,52,4080.35,487,0
40,5422.35,24,4127.39,614,0
18,2223.98,32,180.03,300,0
18,1733.57,37,24.94,300,1
20,58.81,6,9351.74,597,0
32,7138.69,47,491.51,605,0
31,3118.9,84,186.14,510,1
24,6724.81,43,239.07,583,0
23,4280.45,46,2823.21,600,0
27,2021.14,0,202.27,300,0
18,571.94,3,4326.47,396,0
28,6026.07,57,869.4,608,0
46,3535.6,92,1404.69,474,1
41,7069.76,33,4625.6,716,1
27,577.3,7,1005.54,300,0
22,7479.22,64,1657.62,594,0
61,8835.44,71,11922.98,900,1
22,3228.86,76,876.24,485,1
36,4662.57,9,2547.82,300,0
18,2386.73,44,7220.32,545,0
18,7054.37,94,4780.44,564,0
18,1766.37,51,3292.16,537,0
32,7017.91,45,413.27,593,0
48,5881.64,16,3810.88,300,0
31,6878.16,62,2679.92,717,1
19,2081.82,56,5042.67,465,0
38,3498.89,0,5183.57,521,1
28,2534.59,64,1652.46,518,1
27,9329.97,59,782.82,678,1
18,10401.72,115,9811.21,550,0
46,4820.98,26,4855.71,486,1
32,6201.34,58,1070.03,618,0
30,5249.8,61,2021.42,629,0
18,2484.97,48,1712.9,300,1
39,4832.67,26,4617.62,615,0
24,9524.48,75,4415.2,589,0
47,2680.83,1,9049.22,631,1
18,579.32,18,2375.81,378,0
53,5685.08,5,7797.24,673,1
29,2020.95,22,1171.64,300,0
48,7029.28,21,5840.83,300,0
35,7522.32,59,33.37,623,0
33,5735.11,68,1274.52,631,0
18,1945.23,53,4011.97,597,0
27,3242.21,43,4953.8,628,0
22,3708.22,3,905.09,312,1
34,5433.55,51,2510.23,624,0
21,1138.91,16,1385.25,350,0
18,566.38,27,3736.4,413,0
25,6598.04,42,497.39,584,0
24,2467.2,4,29.13,315,0
18,1277.79,5,3359.77,331,1
18,7007.98,116,5477.96,581,0
18,2668.33,57,3481.42,602,0
24,9331.94,90,5017.24,592,0
18,1350.7,37,4856.14,578,0
34,2852.62,54,848.83,465,0
45,3295.57,5,7406.88,579,1
18,4321.92,24,2658.39,560,0
25,1541.88,37,1777.88,425,1
23,3763.34,61,2913.55,616,0
23,5946.56,50,694.39,589,0
26,2378.44,39,1554.55,453,0
30,7454.52,76,1475.4,615,0
25,5752.51,50,1053.19,593,0
28,3619.73,21,5365.84,603,0
25,7945.13,70,2456.54,591,0
32,2517.43,32,447.04,388,0
20,501.47,25,2115.42,377,0
29,535.51,54,2786.38,458,0
22,1730.78,68,3313.27,570,0
36,8173.15,70,1353.38,621,0
20,7949.71,67,2706.44,581,0
28,1761.3,54,1791.98,468,0
47,4188.9,4,7693.94,644,1
18,1399.97,53,563.87,423,1
21,22.18,4,9674.62,602,0
18,550.47,29,4621.42,467,0
34,2396.76,1,1237.81,300,0
19,152.43,14,627.41,300,0
18,6427.74,81,3026.95,574,0
18,1044.98,13,1922.75,367,0
18,9240.03,98,5855.23,589,0
18,10.38,17,2041.56,300,0
18,2644.44,9,3182.39,300,0
37,3462.33,49,2054.52,300,1
31,3043.47,10,2114.38,300,0
30,2026.55,54,3687.7,392,0
32,6536.35,72,33.69,624,0
36,324.25,58,2512.22,439,0
25,3970.42,45,2666.07,300,0
46,3330.16,44,1612.74,344,0
74,6504.06,12,14143.97,900,1
30,451.98,31,1345.42,343,0
36,8029.32,72,1370.64,622,0
35,3753.9,78,367.98,536,1
24,543.89,21,1913.82,311,0
32,2544.08,62,1523.86,502,0
37,9050.93,24,1411.58,653,1
63,4371.93,12,11955.2,750,1
22,8992.65,76,3979.07,590,0
64,6452.92,21,10209.15,743,1
28,6677.53,50,429.21,600,0
21,2163.09,18,1359.13,396,0
29,4739.94,18,2063.39,300,0
42,1220.59,42,8642.71,665,0
25,5175.36,40,2197.88,591,0
45,4851.5,70,1228.27,577,1
32,3497.41,38,5065.81,620,0
18,881.21,75,3964.98,588,0
18,2066.76,2,129.87,300,0
19,1354.13,24,7097.92,604,0
27,4519.76,40,3429.05,608,0
19,6664.22,55,595.81,587,0
18,160.89,37,3841.77,468,0
54,10515.17,54,7069.35,900,1
23,2681.08,43,3046.5,536,1
18,8160.32,103,5026.49,598,0
18,4190.63,64,1603.96,603,0
18,10915.67,105,9136.72,558,0
18,2136.26,21,1130.84,300,1
32,2238.25,47,473.13,414,0
19,1737.57,97,1223.06,467,1
24,5399.36,51,1443.31,598,0
36,2285.2,39,305.43,357,0
31,7541.72,67,852.97,617,0
41,4591.6,11,2489.45,300,0
25,63.69,105,5620.72,300,1
26,7158.53,70,5034.13,300,0
47,1732.86,18,9647.25,657,0
24,1660.96,20,31.41,300,0
44,10607.55,85,4221.72,900,1
18,352.45,18,1684.94,351,1
18,1802.35,28,651.06,300,0
37,5148.61,57,3083.12,646,0
31,7318.09,101,4741.25,900,1
39,6321.79,29,2515.44,401,0
55,5986.72,0,8309.37,714,1
26,2927.71,12,6287.57,595,0
40,8637.47,85,2186.94,638,0
38,2309.27,8,9239.45,617,0
22,5209.86,72,878.93,620,0
21,2702.65,41,1910.13,300,1
18,3642.89,81,1193.2,611,0
26,1092.5,37,2617.61,353,0
18,267.25,19,1144.19,300,0
18,3878.88,79,505.55,595,0
49,5366.79,12,7458.31,698,1
18,1330.66,114,5633.73,300,1
43,3150.28,0,7085.12,579,1
29,6835.04,57,144.09,609,0
27,1326.53,75,1499.31,374,1
18,161.96,4,2924.03,357,0
28,3932.59,35,4484.53,614,0
27,1522.45,14,356.71,309,0
33,5242.17,0,2315.66,308,0
24,7105.21,56,752.79,592,0
30,2695.99,51,3133.22,300,0
18,3568.73,21,512.3,300,0
36,4463.4,66,1581.94,582,1
37,6909.71,27,2107.84,605,0
35,6742.81,27,2194.73,606,0
28,1735.52,38,1087.2,300,1
38,6121.94,35,2669.34,612,0
23,264.69,33,1277.0,328,1
25,3305.57,46,4492.94,620,0
18,167.0,23,2627.22,385,0
24,4523.64,25,3620.55,587,0
34,4042.5,26,5274.92,619,0
18,1233.9,21,769.92,300,0
18,2718.41,57,1111.11,300,0
47,9700.69,95,2548.97,876,1
29,1522.66,70,862.21,393,1
18,1964.65,11,1352.81,380,0
18,532.99,27,1202.37,363,1
30,1957.16,14,1281.05,300,0
33,2710.33,38,6263.56,636,0
32,2907.78,12,935.42,300,0
20,3788.83,42,3420.38,598,0
28,4048.54,90,549.69,552,1
18,6435.62,60,949.84,581,0
22,6056.98,73,582.4,601,0
46,6228.41,46,2994.41,643,0
18,1859.82,54,2558.94,521,0
31,4468.2,38,4098.59,300,0
22,1758.05,28,99.25,300,0
21,344.41,11,3309.85,354,1
24,3088.57,17,4033.04,527,1
35,2467.08,37,40.77,372,0
26,4756.9,60,1955.23,611,0
38,3797.0,51,269.05,443,0
37,2526.22,16,1262.26,300,0
22,1105.3,8,1801.6,343,0
24,9282.77,100,5107.4,610,0
37,4999.22,11,2108.15,328,0
18,4394.91,42,1529.19,566,0
61,10504.62,35,8094.33,900,1
18,148.62,29,3770.31,445,0
47,5482.87,11,6449.25,662,1
18,10080.56,68,5904.97,550,0
18,3737.3,38,1046.69,300,0
44,3847.07,92,39.71,542,1
30,2378.4,42,1088.69,433,0
18,2150.49,2,2274.13,415,0
26,3265.33,5,982.8,300,0
30,1027.33,20,49.78,300,0
18,2953.81,31,1394.75,477,1
39,6048.92,52,2075.88,625,1
64,8120.15,26,10630.55,900,1
28,4249.48,88,615.5,552,1
33,2071.18,70,741.46,470,1
29,2946.85,12,4119.28,504,1
21,4225.95,53,3328.08,300,0
36,8708.8,113,3738.65,653,0
30,3880.75,48,4013.31,623,0
21,6329.46,82,1238.31,609,0
32,4800.96,31,3757.19,604,0
28,2143.0,42,1746.22,454,1
18,6889.48,107,3251.85,620,0
21,4356.15,43,2844.31,300,0
34,2458.93,14,588.4,300,0
63,5271.37,23,10054.56,686,1
32,6998.84,52,381.68,608,0
24,5676.55,87,182.81,631,0
40,3816.56,96,1834.54,489,1
29,6344.75,54,780.09,607,0
40,7086.29,69,342.03,637,0
28,7219.26,53,458.47,593,0
28,1005.07,111,3108.38,383,1
41,5551.13,18,2934.01,468,1
18,4661.8,81,171.58,611,0
47,4063.6,19,9136.47,732,1
32,4364.49,30,1091.03,395,0
32,3308.86,0,1646.14,300,0
18,1364.52,54,7209.04,601,0
21,3894.74,21,164.92,424,0
18,314.17,23,96.09,300,1
18,5454.72,90,931.12,614,0
26,10193.32,110,6371.84,618,0
21,2107.85,42,2179.62,482,0
22,378.88,32,2001.43,380,1
33,8641.61,100,3661.64,626,0
38,9063.87,81,4178.47,897,1
28,6052.73,70,242.31,614,0
26,3112.8,69,496.22,511,1
18,4231.61,22,3473.85,571,0
28,3376.26,57,3963.43,624,0
18,634.82,20,750.66,300,0
18,5317.4,3,2905.59,547,0
18,3184.23,52,3315.87,603,0
55,9966.25,55,7398.59,900,1
18,982.12,35,4488.18,444,0
44,4824.77,53,5670.5,300,0
66,5787.26,52,9476.59,610,1
18,1742.18,2,4622.26,359,0
27,6714.3,59,143.74,602,0
27,2823.53,2,977.12,300,0
32,4822.21,41,3603.62,622,0
22,2378.58,24,1657.02,429,0
42,4263.26,49,656.42,435,0
18,4351.32,41,1852.94,573,0
38,9888.38,92,4244.89,626,0
18,5794.0,79,743.25,606,0
18,6107.78,77,1359.88,593,0
18,77.82,46,4351.26,507,0
18,1373.93,46,4263.82,440,0
26,5009.29,46,2552.46,611,0
18,5715.31,41,3666.42,408,1
31,6338.31,0,2163.9,362,0
18,2495.28,7,329.78,309,0
18,7300.77,94,3588.36,596,0
18,1059.7,5,1991.37,351,0
42,3220.15,14,7506.69,631,0
18,581.72,53,1908.07,445,1
28,107.82,80,4510.84,562,0
35,9267.18,85,3531.64,617,0
21,5091.39,46,1754.86,592,0
18,6918.14,76,2357.75,587,0
27,9405.47,75,3995.27,595,0
18,3988.99,46,2697.19,595,0
18,945.12,54,6427.41,580,0
21,64.66,32,2461.74,388,0
18,2009.01,56,1577.03,300,1
33,10456.61,107,6013.64,623,0
18,1304.1,96,2896.65,300,1
18,1981.77,22,620.76,300,0
45,4076.78,61,146.26,483,0
56,7715.0,7,7182.58,720,1
53,3017.13,48,7497.89,454,1
34,3669.04,18,1265.49,329,0
55,3685.08,43,8055.42,513,1
33,6526.85,24,4344.63,300,0
26,1571.14,19,754.18,343,0
18,1746.67,16,966.16,300,0
18,5727.75,68,349.33,593,0
36,6123.84,75,858.16,640,0
29,6669.52,60,106.59,609,0
38,3571.19,15,2426.2,300,0
35,1535.93,27,32.06,312,0
18,1071.79,81,1452.26,399,1
41,5002.0,7,4491.89,533,1
18,1966.12,39,4496.56,423,0
18,529.76,110,6452.23,716,0
18,1104.05,12,4246.72,389,0
54,4229.93,41,7803.35,531,1
18,1712.95,4,4642.98,365,0
69,12274.44,23,8732.02,900,1
23,3356.43,47,4134.28,615,0
31,2913.7,34,5739.64,617,0
36,7120.19,52,613.22,615,0
29,2470.72,33,2258.81,300,0
22,8126.56,65,2764.12,578,0
37,7447.3,42,764.31,608,0
18,6815.22,67,1701.19,585,0
45,8493.77,60,377.4,634,0
23,4047.67,44,3188.96,599,0
18,833.2,27,2516.14,424,0
18,7863.15,65,2589.22,582,0
28,1772.65,8,8114.76,608,0
18,3522.34,2,547.79,395,0
35,3157.44,13,1103.45,302,0
23,1831.16,18,675.14,352,0
25,1823.28,62,2873.12,538,0
18,3785.04,42,2389.28,575,0
32,2085.37,30,2759.03,300,0
22,2470.18,0,2446.38,300,0
45,4892.03,22,2906.66,304,0
18,2475.16,47,679.15,300,0
18,6399.42,66,1467.05,579,0
20,630.78,37,3602.2,419,0
18,6363.88,101,4184.19,577,0
18,2185.79,1,739.06,340,0
28,761.9,46,2608.26,442,0
59,5877.84,77,6004.0,430,1
48,3945.21,29,6205.01,494,1
41,7139.8,92,428.13,663,0
18,1096.25,10,1343.64,300,0
41,2230.92,23,4598.04,503,1
23,9552.1,76,4690.15,582,0
18,1736.76,46,697.3,300,0
18,115.86,28,2068.19,370,1
28,2789.8,22,125.81,358,0
28,2096.73,32,2378.8,300,0
18,815.82,1,1861.66,300,0
37,2255.72,15,8157.57,630,0
36,2219.34,20,4237.67,391,1
32,6871.79,51,604.01,610,0
18,5500.41,29,1425.68,562,0
31,3182.97,26,422.86,400,0
29,4562.78,69,2303.83,632,0
31,8319.72,54,1337.42,598,0
18,1265.64,25,2164.23,420,1
25,732.11,26,1130.3,341,0
18,1304.95,17,1302.74,300,1
18,1861.83,50,295.37,300,0
22,5543.54,43,1360.4,584,0
27,4845.08,19,2913.08,300,0
36,4282.82,67,2327.92,606,1
25,2114.35,14,587.7,300,0
18,1465.48,23,3162.36,471,0
18,79.3,58,4281.02,524,0
21,4547.13,19,999.68,307,0
23,2011.72,31,1197.64,410,0
30,3542.24,41,4704.12,619,0
18,539.92,15,1852.8,300,0
18,1233.36,39,1678.53,430,1
21,1056.86,86,4107.97,619,0
25,4636.86,24,1790.1,300,0
34,7296.87,58,6102.23,300,0
21,1004.08,23,2044.61,310,0
42,5234.92,40,3979.53,635,0
21,6031.56,43,548.09,574,0
26,12851.76,105,9534.35,587,0
29,4894.72,69,1900.16,630,0
41,8570.2,1,1397.09,568,1
47,9647.31,51,4915.87,861,0
18,8137.74,66,3217.39,571,0
26,5217.14,10,1157.63,340,1
20,8861.95,80,4354.9,582,0
18,2790.87,36,750.5,300,0
30,3214.0,11,1116.4,307,0
19,641.62,9,8424.02,593,0
21,720.05,20,3208.74,360,0
34,842.01,31,437.29,315,0
44,7698.26,55,7180.1,300,0
36,1287.8,41,8248.58,659,0
32,2413.1,55,5944.84,653,0
31,10002.27,113,5715.99,634,0
55,7980.67,10,5860.78,674,1
21,2054.33,15,140.18,300,0
26,4800.35,44,2152.7,582,1
43,6105.1,88,637.54,650,1
35,3021.43,56,5428.65,653,0
20,1320.13,46,3724.59,419,0
26,3427.2,4,1444.19,300,0
18,129.21,33,3036.29,420,0
27,7069.52,86,1796.78,614,0
18,2020.12,42,5033.88,444,0
23,774.22,18,2202.55,370,0
18,1718.68,0,5868.26,542,0
19,2115.73,24,1449.66,415,0
39,5524.08,58,2462.79,635,0
47,7152.91,18,5976.84,300,0
23,1107.91,61,492.07,419,1
25,10.14,33,1951.85,362,0
30,2091.63,44,1300.95,435,1
18,1029.42,34,3108.11,469,0
45,8926.38,79,6371.8,900,1
25,5161.98,17,26.13,449,1
25,3276.66,8,78.46,358,0
29,7781.53,88,2365.02,622,0
18,3728.4,47,2561.34,586,0
24,6331.53,62,262.76,595,0
45,5457.87,8,5622.71,626,1
37,2974.88,39,2789.11,318,1
33,1320.54,29,2967.77,431,1
18,4983.62,7,841.82,370,0
18,514.89,40,4442.06,470,0
26,2360.42,4,35.58,300,0
64,8293.62,44,11483.89,900,1
39,2193.08,67,689.67,457,0
18,4142.5,17,1374.54,300,0
21,9464.13,83,5051.1,583,0
48,6301.03,45,8267.72,844,1
38,5718.85,13,4139.35,602,1
20,2843.88,34,4880.32,599,0
23,6086.14,58,219.21,597,0
23,1062.31,58,3210.98,514,0
30,3038.98,10,785.29,309,0
26,2356.42,45,1852.51,477,0
22,3678.18,33,1646.4,300,0
40,5454.11,98,46.3,631,1
46,2486.38,19,7762.4,524,1
36,5025.24,87,305.1,581,1
18,8761.06,84,4856.25,575,0
27,1557.44,47,2516.53,476,0
31,8704.7,113,4322.26,638,0
45,2464.31,77,500.09,472,0
25,1273.83,59,3055.28,517,0
18,2654.5,26,4767.04,580,0
38,3658.58,18,1850.35,300,0
49,1626.44,18,11268.02,714,1
20,7422.0,69,2139.28,588,0
60,7903.97,13,8096.96,741,1
24,7677.01,93,3127.88,608,0
39,6932.65,34,6107.98,300,0
27,592.18,79,3751.92,560,0
18,1009.39,16,11.94,300,0
18,5065.85,68,554.76,605,0
23,8046.83,88,3333.3,604,0
18,973.12,29,883.97,300,1
28,4228.37,72,1055.52,580,1
18,1538.92,30,4431.93,412,0
30,2887.07,4,1440.64,300,0
49,500.92,28,10006.03,510,1
39,4390.15,15,3730.07,300,0
37,5277.14,36,4892.29,670,1
29,1158.22,29,3131.81,437,1
29,8243.47,89,2795.28,626,0
18,430.09,19,2926.16,373,0
18,1760.32,4,912.54,322,0
18,6968.93,34,1056.33,546,0
18,10636.39,121,9585.58,571,0
30,7769.35,73,1875.82,604,0
32,2641.52,32,5690.96,596,1
20,1942.79,73,1157.89,509,1
44,3113.3,7,1893.59,300,0
18,17.09,10,2541.2,300,0
46,7922.62,16,3987.59,677,1
39,3340.58,47,1061.67,384,0
18,907.05,24,1217.72,300,0
27,4291.97,4,1469.43,325,0
18,1655.29,31,4581.21,419,0
24,1708.17,58,362.42,399,1
46,1904.77,56,5524.14,327,1
37,2627.56,106,2781.18,433,1
26,1440.53,23,791.01,347,0
30,6549.11,72,233.53,617,0
35,4256.07,5,3330.11,472,1
21,101.72,25,3127.49,399,0
22,596.35,52,4236.12,479,0
18,5323.59,75,128.98,603,0
22,1441.46,75,4767.37,519,0
18,1693.91,33,276.65,300,0
63,10603.36,19,7707.11,900,1
26,686.09,32,2276.49,397,0
37,5105.81,41,3528.98,622,0
28,3074.23,112,3496.75,452,1
47,6076.5,24,4149.48,628,0
18,5335.7,71,699.13,584,0
20,5523.36,58,594.34,594,0
18,5532.41,64,279.57,585,0
18,1884.35,36,5200.03,591,0
45,7831.13,16,2287.15,530,1
30,10065.39,84,4845.77,603,0
24,4415.77,16,1748.11,300,0
30,4943.33,29,3413.45,595,0
40,4170.3,59,1851.93,558,1
18,60.4,16,1828.08,300,0
34,1558.32,38,1045.21,384,0
40,2456.8,20,1717.8,300,1
23,5168.55,65,1180.52,614,0
27,3477.79,32,2639.48,300,0
48,4538.95,2,7168.15,632,1
26,4818.84,22,3872.97,598,0
29,2791.48,52,1462.93,490,1
45,3026.62,32,7418.93,658,0
31,4529.01,75,5516.7,770,1
22,6140.38,37,1160.84,586,0
18,3625.33,50,2663.44,598,1
26,1392.81,25,2500.6,309,0
41,5003.22,14,2458.7,313,0
18,7768.95,91,4313.67,581,0
42,6650.09,1,3379.39,575,1
36,3850.01,9,2527.17,300,0
29,4089.5,46,90.7,473,0
79,9287.34,1,13209.64,900,1
18,3186.19,4,5471.47,551,0
34,3421.52,12,1465.76,300,0
34,5179.55,2,2924.42,300,0
35,4229.63,9,2370.08,300,0
43,4794.71,88,279.88,562,1
31,10220.46,93,5435.99,608,0
60,6957.57,28,10880.72,900,1
18,1757.49,55,5972.88,518,0
31,2120.44,14,2931.75,359,1
29,4278.8,67,660.3,553,1
39,2371.05,30,7788.0,651,0
22,6117.22,97,1114.61,638,0
24,2002.86,113,3063.03,435,1
18,2623.86,45,868.73,300,0
18,1116.21,37,5420.35,501,0
32,1261.82,38,547.33,356,0
20,2478.91,12,1080.5,383,0
49,10178.25,89,7245.17,900,1
39,7346.52,67,139.0,637,0
74,6092.11,19,13828.67,856,1
33,3485.49,102,1538.73,511,1
39,3390.98,66,524.12,494,0
18,367.48,83,2526.41,343,1
24,603.01,6,1533.76,306,0
21,1577.08,5,570.41,310,0
54,5654.15,27,9932.98,832,1
36,5937.16,25,2481.69,384,0
27,5127.47,24,3316.81,592,0
34,1201.49,25,468.63,318,0
21,5709.41,64,265.96,602,0
25,7461.41,87,2437.06,610,0
18,1592.33,69,827.52,417,1
18,3752.62,48,2291.75,300,1
27,2403.04,26,6506.4,615,0
47,1171.35,24,10715.57,692,1
40,1128.2,9,8509.98,581,1
30,3781.79,19,615.43,367,0
18,13104.34,125,11413.1,587,0
41,8841.51,46,4106.35,796,1
27,4301.19,6,1228.76,308,0
30,1306.0,3,17.62,300,0
18,6955.98,73,2185.8,584,0
20,2782.45,18,5458.48,580,0
78,4622.77,38,15531.58,814,1
18,1486.57,69,2920.78,300,1
31,6192.92,18,3118.07,300,0
18,441.78,26,3491.48,402,0
47,8961.53,47,275.0,622,0
56,8331.94,28,5173.0,616,1
34,5023.89,33,3709.72,612,0
43,5180.35,114,2252.2,561,1
37,4334.17,36,4432.64,300,0
27,3519.85,33,4946.1,615,0
20,3110.63,29,861.51,300,0
33,3822.88,17,2427.94,300,0
27,12079.42,69,7028.2,568,0
20,8851.62,87,4534.09,593,0
18,1407.09,4,3707.46,313,0
29,6559.28,57,423.85,610,0
37,3973.72,47,4933.52,647,0
25,3489.68,7,5616.33,580,0
23,7623.98,51,1348.55,579,0
36,750.86,4,6880.18,497,1
41,3468.78,36,881.39,367,0
24,6539.34,52,51.93,592,0
18,7786.3,69,2801.56,579,0
27,7236.93,54,470.4,597,0
18,7347.38,99,3614.81,605,0
39,5636.33,40,5253.92,300,0
18,44.24,24,2801.46,391,0
45,4566.68,18,5524.93,524,1
18,2491.59,34,1061.91,300,0
18,527.47,19,3216.22,421,0
27,1537.28,14,4120.07,459,1
25,2310.23,3,61.05,303,0
48,5991.9,32,3974.3,636,0
41,2775.0,19,2448.84,300,0
23,4599.71,88,998.78,638,0
20,451.84,41,3348.25,425,0
22,3013.76,5,318.81,354,0
24,3122.12,26,1652.18,300,0
18,8019.23,40,1931.24,554,0
18,2214.67,41,5002.76,599,0
18,919.4,27,2387.01,316,0
22,1029.95,24,1673.27,374,0
30,593.86,69,3273.24,513,0
18,3205.4,32,4435.99,594,0
18,8202.43,107,4800.56,607,0
35,3143.85,15,357.43,335,0
28,3171.53,18,4782.16,556,1
18,472.16,44,4885.34,511,0
29,514.57,110,4383.13,654,0
22,4927.39,45,2227.28,598,0
18,173.95,38,910.05,300,0
18,1005.21,27,3642.96,471,0
18,2818.07,24,1562.18,450,0
18,6535.74,38,680.68,553,0
48,4598.74,20,4926.69,300,0
26,5651.68,46,1625.16,598,0
31,1843.54,31,191.94,351,0
67,8994.2,35,11474.29,900,1
24,7258.01,52,471.91,599,1
42,6454.21,2,4394.78,300,0
24,10335.42,107,6744.26,605,0
28,8647.97,62,2649.28,584,0
41,4305.78,4,3309.59,300,0
30,1959.29,79,249.44,474,1
34,3747.63,20,414.48,371,0
33,6645.03,80,117.39,638,0
18,4366.07,18,4731.59,625,1
29,2064.38,29,728.87,378,0
18,1548.85,44,3198.35,510,0
27,5025.67,35,4411.39,657,1
28,6600.76,80,814.77,620,0
59,8054.78,19,8931.01,860,1
33,8842.0,89,3312.34,622,0
27,10033.02,91,5685.5,590,0
24,1660.16,5,1906.85,360,1
26,8968.86,71,3395.87,594,0
27,3168.8,49,1544.89,505,1
52,9467.34,16,5401.25,783,1
18,455.65,28,3660.44,414,0
18,2890.19,55,3898.06,616,0
25,1820.93,19,1175.93,370,0
18,2497.32,2,3250.08,300,0
18,587.09,19,2316.27,394,1
23,227.36,46,1354.32,363,1
18,1302.47,34,6189.05,600,0
31,2404.41,19,292.64,347,0
20,7040.85,77,1881.37,601,0
28,2666.86,24,22.38,363,0
22,3167.48,54,1125.24,508,1
64,4667.27,66,9365.46,532,1
29,4878.86,12,1699.51,354,0
20,3618.17,24,3473.68,551,1
18,205.05,5,3410.76,369,1
33,5813.3,52,1907.21,620,0
18,1133.14,31,2825.18,450,0
26,8156.94,60,2010.16,588,0
23,283.68,7,1909.1,312,0
37,4946.24,27,4713.54,629,1
18,1910.6,76,1276.54,306,1
31,2140.79,56,1226.92,461,0
18,6327.65,91,1969.35,606,0
38,12079.99,112,7819.84,618,0
18,448.59,10,2952.75,303,0
18,2741.69,6,4044.22,300,0
18,2243.81,30,329.2,300,1
30,1026.27,70,594.47,429,1
31,4183.98,64,1043.01,554,1
46,3745.31,27,6099.66,490,1
39,7482.34,17,2530.12,617,1
55,6589.49,104,988.86,623,1
32,1666.0,1,698.53,300,0
38,6928.7,71,2619.86,727,1
20,407.38,8,851.12,300,0
20,2693.03,81,3237.83,640,0
27,3164.64,32,176.47,411,0
51,10053.1,37,5093.89,846,1
22,7481.45,99,3163.79,617,0
18,1963.14,19,2552.38,443,0
30,2175.81,22,19.68,337,0
73,15433.8,23,6981.76,900,1
20,1402.99,16,7351.6,597,0
25,822.91,2,80.65,300,0
38,3740.67,53,4155.4,300,1
18,4870.06,71,769.47,611,0
27,2043.52,14,3394.07,449,1
30,3419.06,37,2057.91,300,0
32,1956.36,14,200.06,300,0
18,5106.63,61,673.89,595,0
53,10198.3,11,4114.24,749,1
32,4131.36,38,3222.0,573,1
39,8171.8,80,1347.13,643,0
18,561.45,4,2184.65,320,0
56,9901.54,44,8714.02,300,0
18,1418.23,48,907.64,300,0
27,160.94,31,2053.07,363,0
30,1127.89,42,1911.82,418,0
52,5528.15,13,8392.19,738,1
39,4152.81,10,2188.19,300,0
28,9224.94,78,3770.82,601,0
18,9169.9,105,6437.89,583,0
19,4833.04,93,5148.19,300,0
32,4400.41,39,4139.92,621,0
18,1028.58,72,3563.48,570,0
18,8167.3,57,3205.82,557,0
30,1832.05,15,103.5,309,0
27,7263.5,66,1071.38,605,0
27,2380.4,7,632.88,300,0
41,4991.28,61,1386.04,573,1
44,5485.51,35,5241.84,679,1
39,9333.55,60,2183.58,608,0
23,5107.83,40,874.91,540,1
45,8524.87,71,956.02,638,0
18,2590.07,15,5741.72,406,0
18,4635.58,62,1037.06,592,0
27,8918.26,68,291.49,725,1
36,2652.93,78,1034.38,518,0
19,5494.01,31,1841.8,578,0
31,6728.25,44,1114.87,607,0
29,1571.24,12,476.25,300,0
19,3650.62,42,3548.72,598,0
34,4854.99,37,3654.34,614,0
34,619.38,56,1824.28,421,0
35,4690.19,18,1742.69,349,0
27,9234.48,54,3034.91,575,0
51,7538.56,43,7774.13,864,1
18,761.02,57,1219.12,432,1
18,7467.84,68,3172.42,566,0
24,6286.52,60,137.77,605,0
26,7167.81,69,1106.31,608,0
40,4819.61,16,5149.1,612,1
25,1897.8,10,281.33,300,0
36,2411.53,49,47.23,402,0
27,3142.69,97,1906.92,483,1
28,1828.51,94,1041.65,455,1
39,6264.72,0,3378.13,300,0
20,5409.61,80,58.63,615,0
18,729.28,35,3539.56,412,0
21,2585.95,18,1781.05,427,0
30,3414.05,38,5022.19,621,0
27,5017.83,72,1250.2,619,1
23,5782.66,40,1192.6,580,0
36,4300.45,34,4741.02,300,0
18,502.85,29,2754.38,417,0
39,5201.15,52,3472.63,645,0
33,3222.87,27,1183.7,337,0
20,1058.91,36,2663.83,446,0
18,3324.23,81,2160.5,626,0
18,816.35,20,3032.04,300,0
42,3095.5,20,5643.47,472,1
27,8277.1,90,3184.2,616,0
19,2372.64,68,1621.01,535,1
23,1986.37,39,6134.77,622,0
22,4033.38,17,1497.16,300,0
24,2998.04,35,2813.17,520,1
18,6017.86,56,275.5,581,0
24,7079.29,59,767.02,597,0
35,3470.79,30,3284.46,300,0
25,2722.34,2,805.5,300,0
18,2688.25,52,4164.59,611,0
40,10235.01,69,3352.97,614,0
25,4801.54,24,2192.11,300,1
18,1706.08,88,897.71,470,1
18,3076.77,8,395.82,335,0
22,1361.25,8,602.19,300,0
27,5819.94,4,3327.84,571,0
32,4390.37,50,3654.52,630,0
18,1635.69,12,1476.85,322,0
23,659.61,48,58.54,353,1
31,9016.36,85,3570.72,613,0
40,4602.77,7,2674.98,300,0
39,10021.8,75,3784.4,607,0
24,965.33,67,4007.31,561,0
22,7338.1,50,1136.88,576,0
18,7230.48,70,2966.93,569,0
32,1929.58,6,1719.67,300,0
18,5920.69,62,694.82,577,0
44,5746.64,16,3691.97,505,1
28,6852.87,66,466.8,609,0
38,4272.6,2,4247.32,513,1
18,6210.47,98,3068.95,592,0
18,282.73,47,178.0,334,1
29,4120.09,15,2456.24,300,0
26,3390.84,44,2782.99,300,0
43,4565.76,33,1987.93,356,0
18,5726.23,79,1581.7,582,0
41,3210.62,93,54.01,527,1
20,3888.7,63,1150.29,564,1
33,3675.29,25,2402.09,300,0
28,13.23,7,568.06,300,0
25,3069.7,58,149.2,459,1
23,1769.41,57,92.22,417,1
39,5950.01,75,1785.14,664,1
51,1522.19,46,8742.67,454,1
26,3424.1,66,3571.05,634,0
18,5094.82,42,830.57,560,0
18,193.85,41,3878.61,483,0
44,5726.61,24,4236.48,622,0
18,7579.69,87,3066.63,602,0
37,11606.02,58,5091.47,582,0
22,1995.64,24,1193.26,394,0
27,1535.77,20,682.02,338,0
18,1573.93,49,4914.1,467,0
31,3907.45,3,1364.64,300,0
33,5800.97,31,4184.82,300,0
30,8555.33,75,2780.23,603,0
18,4462.6,3,901.05,351,0
28,3198.48,67,3740.86,633,0
19,5108.11,66,680.57,601,0
30,3819.65,42,4354.47,619,0
18,2301.16,4,2129.55,300,1
40,4446.51,18,2647.31,300,0
18,678.82,37,3881.26,432,0
18,2876.83,25,4435.2,576,0
24,689.22,18,8481.12,610,0
62,11268.4,81,9472.32,900,1
18,6150.62,41,387.15,574,0
18,469.68,56,532.1,364,1
26,983.59,21,1028.53,333,0
18,2991.6,72,7453.92,582,0
68,11693.41,69,11207.02,900,1
24,463.21,16,2184.73,351,0
24,1701.98,32,1402.79,300,0
18,1739.8,15,2061.23,411,0
18,6358.4,71,1490.08,581,0
18,6759.37,77,2652.46,577,0
26,4493.68,44,3118.45,608,0
31,3543.24,12,3979.42,520,1
56,3039.21,25,12628.95,827,1
18,4783.19,51,1295.4,582,0
39,5490.03,54,2734.43,633,0
18,3310.38,11,5660.47,363,0
18,6526.34,45,654.87,560,0
27,4756.88,53,2583.09,616,0
34,2815.57,28,915.83,334,0
32,7696.48,55,599.18,605,0
39,3369.58,39,568.49,386,0
42,1669.63,45,916.29,387,0
18,2123.55,54,919.14,479,1
62,6682.69,17,7309.86,300,0
18,244.58,1,8842.4,577,0
23,2291.0,67,707.08,432,1
20,8448.54,71,3598.81,576,0
23,1064.17,30,7502.18,617,0
18,2655.51,56,6.38,472,1
24,2057.12,31,1410.88,300,0
45,4538.41,29,5530.17,638,0
41,3759.42,49,5243.47,300,0
31,355.99,57,3502.69,455,0
18,1765.28,22,1471.6,300,1
24,1023.97,62,613.8,372,1
31,5616.02,11,2458.42,300,0
18,4607.58,41,2039.5,581,0
20,4416.87,56,2048.47,600,0
29,2746.85,27,1744.56,300,0
44,3868.69,53,1340.42,399,0
26,12379.19,93,8479.28,581,0
19,2584.9,52,4390.74,614,0
31,1468.07,72,5008.45,505,0
25,1629.16,21,7496.27,614,0
18,221.12,6,2907.77,338,0
53,7677.55,9,6718.58,745,1
22,4170.86,30,3605.49,586,0
25,1458.4,77,874.53,414,1
18,2468.76,35,5804.8,448,0
28,6464.23,66,215.97,619,0
18,6633.27,68,1760.64,579,0
29,1009.22,62,2365.67,479,0
18,864.28,8,2633.8,311,1
45,6352.89,58,7632.79,859,1
46,5724.28,11,6421.38,673,1
23,5413.83,58,1100.88,602,0
23,3398.26,45,4058.77,609,0
18,56.42,29,2053.52,300,0
29,8314.79,107,3800.87,633,0
37,3890.67,39,5184.03,636,0
36,7550.81,43,387.44,601,0
45,8177.23,59,5946.97,868,1
33,4825.36,6,2110.43,315,0
37,6693.4,47,5419.68,300,0
18,8265.24,69,3487.51,571,0
18,2280.18,3,679.4,300,1
19,2199.2,54,4893.88,623,0
33,5543.06,48,2383.47,619,0
40,4213.47,19,3575.43,300,0
31,9047.12,88,3767.38,613,0
52,8252.22,40,7616.24,876,1
18,2606.7,14,727.68,300,1
27,2900.55,10,298.02,330,0
18,4647.84,58,1019.83,586,0
41,3297.87,52,189.04,426,0
18,3524.62,57,880.06,559,0
35,8207.31,7,995.25,454,1
18,6609.2,40,583.41,559,0
26,8384.65,74,2864.74,598,0
18,831.62,50,4345.38,477,0
21,976.73,3,4699.18,428,1
18,6031.21,80,1515.59,594,0
20,9149.38,100,5562.26,593,0
24,7125.96,63,1216.88,592,0
22,9101.66,74,4167.45,582,0
29,6103.84,84,95.41,636,0
18,1474.97,14,1860.95,322,0
37,6166.28,32,2524.33,604,0
25,2160.71,26,6626.61,611,0
27,7601.83,76,1833.06,611,0
35,6374.88,48,1632.75,620,0
18,5392.43,64,209.62,592,0
18,1103.35,20,2104.13,392,0
32,6113.57,1,291.17,442,1
18,1824.51,80,6162.99,586,0
20,2420.95,4,377.06,313,0
34,3272.15,2,1866.5,300,0
21,6739.85,42,36.01,575,0
18,53.97,22,4827.83,363,1
18,14240.6,165,14834.95,593,0
18,984.7,6,755.73,300,0
29,808.23,0,654.77,300,0
18,1402.66,27,444.71,300,0
37,7952.41,98,2252.78,643,0
18,2620.9,20,1628.98,300,1
18,17.53,28,3300.52,422,0
18,7737.88,79,4272.48,563,0
48,3067.76,27,7894.6,661,0
34,4416.48,31,4572.62,617,0
42,7212.31,77,100.34,648,0
51,6596.64,61,3283.08,439,0
18,2601.42,9,1580.36,300,0
36,945.71,39,1467.81,301,1
38,7024.08,1,2126.67,539,1
34,2605.85,101,1813.64,461,1
26,1955.23,12,598.53,300,0
18,2596.5,11,1734.92,430,0
41,4546.05,5,5213.86,575,1
23,6825.47,51,215.01,589,0
36,3428.78,11,3083.09,416,1
20,2154.96,25,2960.16,475,1
18,2022.95,27,4422.11,384,0
29,3790.74,9,2101.53,300,0
18,3111.66,31,420.5,300,0
27,2483.1,52,1314.96,475,1
41,6014.43,21,3558.98,605,0
18,1403.88,56,916.99,300,0
22,4164.6,46,2848.99,300,0
39,8508.18,25,1735.56,644,1
40,4961.58,34,2074.64,375,0
24,1196.15,6,564.97,300,0
18,5235.73,41,648.0,560,0
19,798.44,13,1865.25,353,0
48,3728.76,38,1249.78,356,0
38,9088.53,103,3521.91,648,0
45,6220.72,12,5742.92,300,0
22,3083.75,49,1915.0,300,0
53,6094.76,35,5979.34,546,1
18,35.85,26,2386.72,392,1
19,4719.93,55,1842.1,605,0
31,9073.25,71,3105.9,601,0
18,1617.15,4,1585.58,353,0
18,3074.27,27,846.13,300,0
33,4496.54,18,3345.67,543,1
22,6870.05,82,1705.72,608,0
18,1937.55,22,2028.81,433,0
27,4624.48,30,3615.0,597,0
22,2041.74,1,790.07,325,0
23,5751.72,69,111.35,603,0
18,4620.93,52,1275.46,580,0
23,1183.69,18,8002.36,613,0
44,3142.96,55,526.56,408,0
32,2179.43,64,1576.31,495,1
35,2779.23,4,1191.86,300,0
18,3627.05,25,1309.59,300,0
19,8420.4,91,4282.57,596,0
32,8052.68,80,2884.67,813,1
33,5834.24,52,1852.96,619,0
56,3366.42,36,9391.47,566,1
31,3791.78,42,4566.75,623,0
25,5392.86,58,1515.24,616,0
22,5127.83,66,997.56,609,0
45,4350.15,26,2759.84,300,0
34,6130.14,52,1616.13,620,0
63,5091.86,4,11558.63,782,1
23,3867.32,37,1581.01,512,1
29,3111.47,42,3716.67,300,0
42,3769.26,57,5209.87,666,0
18,7833.14,74,3558.32,573,0
30,3805.11,25,5016.58,603,0
20,614.46,63,992.75,351,1
42,7698.01,41,807.02,609,0
26,10253.64,96,5975.02,603,0
32,4933.84,24,3496.92,300,0
32,1867.07,28,71.63,336,0
27,10140.3,86,5134.78,604,0
24,4601.45,58,2238.51,614,0
25,8221.82,78,2989.07,598,0
27,1230.43,7,112.63,300,0
26,6614.61,58,3829.91,300,0
33,5359.22,50,2401.68,616,0
18,675.06,7,4388.32,347,1
23,1794.77,86,1249.2,435,1
18,1499.96,45,590.19,300,1
35,5694.63,12,3712.88,587,0
48,4509.59,12,3666.05,300,0
30,4490.07,95,251.98,590,1
50,6586.18,59,3037.45,398,1
18,1581.65,46,5712.55,506,0
34,10813.92,85,5380.72,608,0
23,3295.23,105,7146.88,609,0
22,8816.25,77,3860.85,590,0
18,6551.25,71,2590.48,564,0
18,4408.13,47,1472.03,570,0
21,1790.6,29,2016.06,432,0
25,5936.63,67,304.0,611,0
18,2658.13,78,6556.5,566,0
18,379.07,23,3675.57,446,0
19,100.01,14,683.15,300,0
18,6213.2,54,161.79,582,0
25,7477.26,41,383.26,583,0
31,6273.11,62,707.59,617,0
18,1150.58,11,3611.59,352,0
18,3048.03,104,7580.98,645,0
18,859.7,2,4283.52,386,0
40,8511.94,85,1884.36,645,0
31,1928.21,26,787.56,364,0
26,1680.21,6,268.6,300,0
32,5388.78,43,3147.1,631,1
20,7405.01,79,2626.33,591,0
18,582.9,39,872.3,300,0
18,5670.25,62,7.57,588,0
48,3903.86,18,8919.72,714,1
24,7801.59,74,2579.56,591,0
30,2614.63,16,549.12,316,0
34,3506.29,45,4153.96,600,1
18,9900.4,85,6249.79,569,0
26,585.14,28,9944.32,638,0
32,4347.57,18,4922.88,600,0
19,4394.16,64,1868.55,615,0
18,2645.23,48,4059.0,603,0
40,7843.05,41,513.93,608,0
18,444.38,6,3062.29,361,0
30,3622.25,52,4209.5,630,0
40,5450.29,18,2372.08,443,1
18,1892.52,9,161.92,300,0
20,8172.72,81,3500.38,593,0
18,232.08,56,496.83,348,1
34,5724.07,27,3084.78,602,0
23,4832.69,25,3143.14,582,0
27,983.88,29,2444.87,300,1
30,3926.6,14,2043.82,300,0
63,2687.99,39,12146.77,627,1
25,422.81,56,3003.94,440,0
22,1511.45,120,2315.21,465,1
26,1099.31,30,2707.47,427,0
18,968.62,31,1054.23,300,0
34,5424.17,94,599.08,651,1
18,7599.55,105,5115.88,585,0
18,1117.85,8,1325.14,300,0
26,6766.79,55,90.49,599,0
26,5843.68,76,275.13,626,0
20,1978.08,2,587.92,309,0
18,1791.43,40,593.61,300,1
45,8132.83,57,69.96,631,0
24,2441.4,9,892.03,300,0
23,2443.29,27,622.22,300,0
24,4596.68,60,2284.23,621,0
30,57.51,53,2493.28,423,0
18,461.77,70,6922.57,654,0
18,1187.32,9,436.03,303,0
41,6181.66,8,5230.64,300,0
26,3925.19,34,4413.33,613,1
37,5312.64,22,4192.29,300,0
25,1261.93,66,256.74,422,1
38,2948.13,64,446.81,470,0
18,678.86,29,606.6,382,1
40,4932.95,140,4575.18,528,1
18,3857.69,70,1590.45,605,0
53,5349.18,65,2958.03,640,1
18,7445.73,84,3471.33,580,0
20,6549.59,53,558.47,576,0
29,2814.31,3,1255.71,300,0
18,7254.87,75,2667.33,585,0
26,949.58,14,3603.92,300,1
29,672.36,0,398.84,300,0
31,10717.19,81,5525.96,595,0
21,6301.96,45,316.23,581,0
18,1636.48,47,2537.58,496,0
18,8352.97,77,3612.56,589,0
24,6910.48,45,102.45,583,0
35,2237.87,17,211.6,310,0
32,1654.55,63,1103.22,452,1
26,3253.72,69,2651.42,600,0
24,3642.18,44,4153.97,617,0
18,1377.92,2,3808.65,323,0
27,3339.96,68,2270.68,585,0
31,3581.48,26,425.75,384,0
26,2467.32,50,2456.3,300,0
27,5972.7,40,1570.67,595,0
32,5748.55,77,846.04,637,0
37,2402.79,9,257.22,300,0
35,8154.54,59,1205.48,603,0
33,9078.93,62,2477.05,599,0
28,5151.22,53,2301.22,620,0
18,928.49,16,2076.44,317,0
37,2741.09,6,1655.74,300,0
18,4647.65,67,115.07,583,0
70,7996.89,24,13073.3,900,1
30,818.07,12,5573.55,477,1
38,35.44,70,2626.5,452,0
33,5001.42,27,3927.37,607,0
46,2920.61,24,1733.75,300,0
50,8509.46,1,4525.68,679,1
59,9058.54,9,7005.09,802,1
24,152.03,72,4186.58,549,0
18,2405.86,26,1861.24,453,0
18,6866.48,76,2289.15,589,0
49,8829.86,67,670.41,645,0
18,1022.45,7,2578.01,391,0
18,296.05,3,2729.76,346,0
29,4156.2,7,1298.86,300,0
18,250.0,17,1477.37,300,0
22,1594.66,20,638.57,348,0
36,6336.56,10,3657.69,300,0
29,5496.03,58,5232.04,300,0
20,4850.01,58,1744.28,610,0
35,3112.3,6,1575.01,300,0
27,10261.2,106,6270.9,612,0
31,6216.57,43,1505.42,601,0
29,5751.82,91,105.64,646,0
18,9368.59,92,6216.34,572,0
37,5771.7,81,255.88,615,1
31,2792.62,48,1143.9,467,0
48,7920.39,46,6807.41,855,1
18,2563.87,18,924.9,400,0
33,5650.82,64,1650.97,631,0
18,6676.49,48,799.02,569,0
20,5115.84,96,255.68,634,0
52,3945.1,7,8693.83,638,1
18,1587.12,23,4270.41,389,0
49,5730.61,2,4194.99,300,0
21,5184.89,60,1160.03,605,0
20,4600.64,9,1804.18,346,1
18,909.3,59,847.2,372,1
24,9683.67,105,5915.95,607,0
61,12722.62,83,8308.29,900,1
23,1212.52,49,89.07,378,1
49,8853.27,26,5552.6,792,1
30,3076.6,0,1076.32,300,0
18,357.4,36,3506.08,454,0
30,3754.63,34,56.23,429,0
35,6239.6,57,1291.03,621,0
27,4986.58,32,2991.02,592,0
37,2084.77,33,329.03,360,0
38,7115.14,66,292.23,632,0
31,5727.87,7,3689.89,300,0
21,6951.87,62,1184.8,588,0
30,7001.59,38,594.89,587,0
21,5517.06,45,544.48,516,1
36,3554.67,1,1959.0,300,0
52,2312.78,3,10615.45,659,1
22,1506.4,3,1075.8,305,0
27,580.53,50,2498.85,442,0
18,2766.91,22,6613.64,462,0
18,3153.05,39,1150.85,400,1
19,5454.36,74,74.66,608,0
24,9425.22,83,4741.15,591,0
18,8538.58,91,5346.74,574,0
25,2071.28,6,414.62,300,0
24,6832.14,52,307.36,589,0
36,6776.36,80,68.31,647,0
18,4625.02,60,933.1,589,0
18,2957.01,31,4449.76,587,0
31,5511.1,13,2096.02,361,0
36,8592.42,77,2214.08,623,0
26,2573.6,2,112.8,306,0
31,6674.36,25,3798.58,300,0
28,937.43,74,3452.51,550,0
23,2927.75,25,5656.97,606,0
22,1527.71,50,1365.56,446,1
24,8991.72,82,4054.72,597,0
38,6508.15,42,4422.39,713,1
34,2915.04,36,105.23,396,0
18,2600.79,50,4219.03,607,0
45,4943.5,24,2574.89,323,0
24,2716.61,80,6128.91,531,0
55,7841.13,16,5898.51,653,1
40,10166.23,69,3447.28,610,0
31,4093.52,42,396.9,473,0
28,541.16,45,2184.84,417,0
33,6520.24,61,3045.36,712,1
18,1699.7,15,4589.08,389,0
30,1705.72,11,8113.79,609,0
39,5143.33,7,2725.53,300,0
18,3252.19,41,2596.67,558,1
18,1613.9,19,2371.24,423,0
19,8355.23,84,3908.13,592,0
28,292.1,0,733.76,300,0
31,1295.39,40,1485.8,400,0
18,1234.04,14,3813.83,372,0
18,9139.25,62,5499.07,530,0
19,5725.5,63,4030.6,300,0
18,6612.18,83,2183.8,595,0
31,4298.31,54,3433.08,627,0
20,2980.94,73,1439.96,449,1
31,1065.24,28,1458.03,361,0
30,2595.45,44,1185.24,450,0
18,7216.12,75,2750.16,579,0
20,4486.59,39,2850.88,596,0
18,5897.3,82,981.5,607,0
18,52.68,9,2691.95,348,0
18,5086.37,28,2035.85,406,1
30,7362.8,75,1269.74,616,0
27,3853.46,0,1554.03,300,0
40,5641.21,33,3586.23,623,0
20,651.1,57,4214.97,490,0
18,1002.7,53,5139.21,517,0
49,6910.37,32,7070.93,790,1
22,8587.1,34,3265.26,501,1
30,8185.6,101,3246.04,632,0
18,553.29,46,4138.05,477,0
24,382.8,8,1095.8,300,0
18,926.77,58,1311.21,300,1
18,2862.72,24,4647.38,575,0
18,884.68,71,1912.54,355,1
29,4669.51,69,4783.35,300,0
42,2586.94,17,6054.3,475,1
18,8463.8,92,4781.43,587,0
18,412.59,9,606.81,300,0
18,8885.73,103,6640.76,573,0
18,9742.06,97,7219.24,564,0
48,8123.48,53,8034.81,300,0
21,4536.13,62,622.65,564,1
19,1957.23,32,3225.52,496,1
33,2570.14,6,1360.66,300,0
19,2647.9,0,908.76,354,0
23,4271.37,14,286.34,423,1
25,1789.09,26,53.17,300,1
26,4755.52,42,1939.12,568,1
18,5534.43,44,1098.2,586,0
53,5195.15,47,7035.51,300,0
23,1913.17,11,1066.43,352,0
23,2980.52,7,5637.35,529,1
18,6238.25,104,2940.42,606,0
18,1194.62,46,704.78,414,1
39,6245.72,10,3453.23,586,1
19,7133.76,76,2258.16,588,0
18,77.68,73,562.35,375,1
18,2530.12,16,5597.72,579,0
23,4922.03,6,1239.71,370,0
32,8872.39,6,1278.59,509,1
35,5777.97,35,3844.99,650,1
20,445.32,7,9043.17,602,0
19,5407.89,68,126.11,597,0
45,1648.63,68,769.78,429,0
18,11531.22,125,9567.03,595,0
18,1593.71,25,1886.17,416,0
18,758.31,1,8336.67,574,0
18,1840.85,46,6651.13,537,0
39,3286.11,120,4010.73,441,1
29,1443.27,3,471.19,300,0
25,7970.63,69,2348.69,592,0
26,1161.72,94,4766.1,660,0
21,4436.87,80,1164.91,622,0
18,29.28,64,684.42,352,1
18,1876.68,40,309.25,300,1
21,8613.87,84,4166.06,588,0
22,1894.46,16,937.16,361,0
18,2000.21,19,3850.41,336,0
18,1538.02,34,1236.91,426,1
21,59.57,49,4232.42,498,0
32,2093.87,12,6180.92,488,1
21,3382.53,40,2160.25,527,1
25,1761.71,22,879.72,300,0
18,4256.5,44,2457.14,586,0
28,4851.72,98,898.16,590,1
32,3698.27,31,2767.2,300,0
22,5812.15,54,960.22,605,0
18,3941.75,41,2195.83,300,0
18,581.5,82,6299.98,643,0
25,7724.35,67,1906.9,596,0
30,3802.41,7,1088.02,323,0
23,7602.61,88,2648.81,614,0
23,4609.72,70,1663.13,623,0
33,5353.51,42,3029.68,622,0
37,3406.2,85,991.04,483,1
49,3814.7,50,5172.82,397,1
18,6204.55,104,2561.02,613,0
19,3474.96,14,202.18,394,0
20,1125.05,12,1237.32,336,0
27,4976.3,54,2276.48,617,0
18,256.88,22,4291.25,462,0
23,3137.81,22,1123.1,300,0
45,3564.75,41,5313.17,420,1
18,564.49,39,3910.4,497,0
71,10353.32,16,8691.05,836,1
27,5411.98,79,874.26,639,0
43,3604.35,41,4398.04,391,1
18,1897.69,77,807.6,462,1
27,1121.5,47,2822.88,470,0
18,7798.98,78,3935.09,568,0
29,3484.43,19,2422.27,300,0
53,133.12,65,9580.54,384,1
18,509.42,71,938.29,353,1
18,2973.45,15,712.43,343,0
18,2994.91,36,6235.77,455,0
25,11534.9,80,7169.31,570,0
18,7700.19,74,3527.58,570,0
27,5186.83,20,2712.54,300,0
19,695.49,51,849.82,398,1
19,5164.86,97,679.39,625,0
18,5161.78,55,1052.5,594,0
36,8056.59,28,1404.0,626,1
18,891.81,24,3166.8,366,0
23,1729.27,54,2001.63,485,1
36,6880.89,25,1997.19,595,0
42,4362.27,85,0.97,552,1
27,1745.48,8,527.99,300,0
18,2792.19,44,5607.62,444,0
25,7270.71,63,1211.99,595,0
18,8087.53,107,4845.34,601,0
27,3255.48,70,3828.01,646,0
18,2597.65,32,1221.04,300,0
39,5589.91,29,3852.4,622,0
25,3730.3,27,2975.21,534,1
19,1828.52,37,4104.86,394,0
38,9281.21,35,6270.48,300,0
32,5406.53,69,1675.38,636,0
36,9554.84,81,3434.73,620,0
30,7371.13,76,1248.31,619,0
33,4320.07,23,3825.49,567,1
23,7052.64,94,2369.93,619,0
43,6012.32,15,4323.28,619,0
34,6956.25,1,151.69,466,1
31,3249.6,28,150.63,386,0
47,3333.65,5,8223.97,633,0
18,2339.96,21,5745.97,345,0
41,6444.89,29,1783.12,432,1
42,8571.99,13,779.85,513,1
25,1353.26,24,1682.06,383,0
46,5880.89,13,6334.23,682,1
25,1961.96,40,6188.16,621,0
26,5847.29,79,77.64,624,0
22,10919.96,101,7470.3,588,0
26,9305.99,76,4020.46,593,0
22,928.15,2,8798.58,597,0
18,1990.86,39,284.97,300,0
51,5677.33,4,7369.24,683,1
36,4332.8,5,2588.16,300,0
19,8036.88,73,3100.49,583,0
28,4125.82,13,25.85,395,0
47,7138.27,20,5173.47,700,1
29,3372.3,18,617.67,351,0
30,4456.14,17,4600.04,594,0
25,155.08,46,2899.59,424,0
21,5706.52,29,3128.11,300,0
32,3621.72,47,4723.59,633,0
31,7786.97,74,1538.71,617,0
31,5478.45,59,1651.07,617,0
30,3486.02,35,250.47,409,0
37,1740.17,33,121.79,330,0
28,5831.64,9,1474.55,394,0
41,5245.4,13,2514.33,320,0
37,1839.73,5,1192.57,300,0
30,3237.59,31,2728.33,300,0
23,5085.9,59,1316.41,600,0
48,5431.79,1,6440.04,636,1
32,2705.17,17,2518.02,300,1
27,810.54,40,3392.44,400,0
63,8101.42,13,10421.95,900,1
25,3222.38,109,1833.16,520,1
26,7335.05,63,1147.24,599,0
53,4154.76,12,9818.23,735,1
32,5436.76,48,2621.0,624,0
29,99.63,59,697.35,363,1
18,6857.27,53,1022.09,579,0
58,7128.6,21,9331.57,845,1
20,8436.86,55,2716.14,570,0
28,3745.17,56,3655.26,624,0
26,778.55,51,416.42,373,1
25,2539.18,11,445.87,350,0
32,5562.6,60,1671.45,622,0
23,2001.83,40,1576.49,446,0
25,8336.58,33,2290.99,522,1
18,2172.98,36,559.01,300,0
24,1789.76,48,2204.73,480,0
36,6782.3,4,724.76,470,1
33,1997.08,20,7874.62,627,0
32,3693.04,36,1074.9,468,0
35,4760.12,35,4575.26,300,0
26,3796.62,99,894.98,555,1
29,4153.6,28,563.79,408,0
23,8337.76,78,3211.4,596,0
26,7685.95,16,2024.5,465,1
23,6672.98,85,1767.26,604,0
21,263.16,16,2952.83,377,0
44,3980.83,78,483.62,536,1
27,141.9,66,3639.81,509,0
34,3103.26,11,1056.04,300,0
29,5334.57,74,1184.48,633,0
18,1657.92,73,1600.13,404,1
47,5142.2,12,4322.05,569,1
18,712.11,2,2610.02,308,0
28,5226.75,34,2840.86,599,0
19,3877.67,29,3637.4,580,0
26,5051.87,19,1299.74,397,0
22,6166.2,62,117.56,597,0
26,2814.83,2,751.93,300,0
31,3172.5,41,5094.26,616,1
43,5364.1,0,5696.48,608,0
21,3765.79,50,3314.95,609,0
26,5758.64,27,3517.94,300,0
31,2057.91,65,2341.79,524,0
29,1447.8,11,27.11,300,0
25,5785.81,60,768.92,605,0
35,6218.78,53,1614.8,624,0
18,2509.7,34,271.08,300,0
27,96.61,85,4133.37,562,0
21,8797.65,93,4646.46,599,0
19,2379.33,32,958.28,300,0
46,2061.09,15,1707.34,300,0
36,2125.14,32,43.23,346,0
35,815.05,4,10183.73,629,0
35,3387.06,10,730.27,318,0
30,3618.37,27,2286.06,300,0
39,2618.38,40,810.79,413,0
29,7917.47,42,747.9,582,0
25,2432.63,27,1326.44,300,0
18,1958.29,17,1986.64,300,1
18,4485.09,50,2007.19,591,0
24,226.75,20,1579.61,328,0
18,4315.42,42,2394.44,582,0
18,8445.39,71,4069.68,568,0
18,4846.26,34,1481.27,562,0
60,8904.72,24,6207.3,680,1
25,1136.44,25,1535.77,372,0
39,2460.4,32,7256.52,639,0
49,3518.63,8,9003.0,675,1
34,7258.02,104,1993.71,644,0
40,3045.51,10,6690.97,586,1
18,1039.41,10,784.93,300,0
18,2634.14,8,1101.48,355,0
37,1321.41,38,8348.82,654,0
18,7671.14,87,3773.84,589,0
28,1112.73,32,1219.69,368,0
51,2644.19,19,8990.77,664,0
22,5256.07,68,725.63,608,0
22,2298.03,12,1122.96,300,0
19,2649.34,33,2410.38,493,0
22,5748.8,70,118.83,609,0
23,1664.13,2,242.9,300,0
21,2507.11,38,1872.54,476,1
41,2493.64,43,1862.94,452,1
38,5099.02,61,1815.4,602,1
20,4943.15,59,1199.17,597,0
26,3586.07,43,4276.23,616,0
18,3671.99,85,203.73,587,0
26,2983.96,19,186.85,374,0
37,4489.29,20,1857.62,338,0
42,4500.04,0,3245.28,300,0
25,9015.27,90,4329.2,606,0
34,2630.14,20,7237.78,624,0
19,3387.42,76,2589.33,631,0
59,8257.08,62,10807.92,900,1
30,6115.16,70,3682.05,748,1
20,1177.89,55,3677.42,537,0
48,4561.7,24,5826.61,516,1
18,967.9,9,2789.72,314,0
26,10470.71,102,6684.83,598,0
44,6702.04,3,4268.87,300,0
30,2913.65,28,6267.55,624,0
40,1659.12,0,7191.49,527,1
18,3287.06,44,1665.42,550,0
18,838.08,58,5006.02,527,0
49,5897.12,113,532.65,646,1
18,153.12,19,2791.88,396,1
47,7994.61,7,3800.4,614,1
18,7743.17,91,3579.99,597,0
24,6242.54,57,456.83,606,0
56,7753.15,51,10076.91,900,1
18,369.93,43,3888.31,462,0
23,302.9,21,1933.51,347,0
34,2515.24,15,4189.71,417,1
23,8891.57,43,2418.93,567,0
34,2463.73,101,1527.37,469,1
23,5101.23,33,2505.59,588,0
36,3659.96,27,3627.07,300,0
29,4719.51,4,2746.87,300,0
18,5608.96,24,1687.77,562,0
22,5132.8,34,2299.38,583,0
32,8319.64,68,1886.38,610,0
36,6405.01,61,1205.37,631,0
18,2529.33,44,810.75,458,1
58,6118.17,1,9275.35,756,1
41,6269.69,9,2625.31,504,1
33,345.05,35,1820.51,361,0
23,1973.44,33,1769.93,437,0
19,7081.82,109,3214.12,628,0
19,2117.47,44,1443.53,300,0
25,7082.82,63,653.22,609,0
18,180.66,0,2471.68,329,0
20,4758.28,22,3083.62,575,0
28,5946.09,85,5550.12,300,0
28,814.11,111,6330.13,681,0
25,4442.98,34,3347.35,593,0
28,3458.74,27,5226.17,606,0
19,1465.77,50,3081.13,514,0
46,7993.44,17,4080.27,686,1
18,1315.18,52,5643.0,529,0
37,10407.6,78,4394.15,608,0
18,1062.76,12,1353.82,300,0
28,685.18,34,1269.86,358,0
29,4051.37,24,945.7,379,0
32,2344.87,58,1114.13,468,1
22,2270.07,21,6281.11,597,0
37,9696.18,87,3688.77,629,0
65,8053.18,19,10506.15,900,1
18,1268.43,32,4125.1,414,0
53,6063.72,19,6434.03,601,1
31,6927.22,60,51.63,613,0
51,2518.86,94,1013.27,525,0
18,1900.03,2,1556.54,355,0
36,3262.77,17,2636.54,300,0
49,6580.96,59,3388.71,696,1
24,221.89,7,1296.6,300,0
23,5378.02,39,3201.34,300,0
27,6316.73,49,693.24,595,1
37,5716.84,175,5306.58,618,1
19,375.76,15,2228.08,355,0
36,6289.0,55,4042.23,726,1
29,5917.91,55,2874.56,675,1
26,4306.85,10,1424.11,300,0
38,5006.79,7,4438.39,571,1
36,2010.64,19,540.76,300,0
36,8223.74,70,1589.93,616,0
18,4123.66,47,2578.69,592,0
18,88.82,12,1633.64,300,0
23,6024.7,68,84.71,606,0
18,1646.96,13,1114.1,302,0
69,7793.36,29,13298.84,900,1
18,4140.16,22,3593.64,575,0
18,6576.12,62,1774.69,570,0
33,5719.97,53,2040.65,622,0
39,6620.04,47,1900.6,628,0
36,1896.57,53,2656.83,344,0
64,7917.2,9,9764.14,855,1
34,6266.17,56,5134.55,300,0
43,3169.52,11,7661.79,626,0
27,3823.71,79,976.06,580,1
33,5199.04,6,2656.84,300,0
44,6696.45,23,2620.12,483,1
18,834.38,6,1462.84,348,1
28,1279.08,60,2262.94,484,0
45,4060.25,3,7094.51,617,1
19,4602.76,56,1697.68,597,0
20,4564.28,77,1271.24,628,0
21,5701.09,45,1126.17,587,0
18,295.3,30,1343.89,355,1
18,1083.39,14,3194.6,335,0
30,1490.2,35,1567.94,401,0
19,1517.11,35,2212.46,445,0
25,5406.7,40,2772.54,300,0
23,7718.34,88,3072.47,602,0
61,7507.21,5,8641.3,765,1
18,1394.05,56,790.38,300,1
37,3490.95,42,6967.57,696,1
18,973.93,20,3061.08,349,1
24,4835.67,59,1887.19,614,0
25,38.02,86,4086.89,569,0
35,1781.24,44,538.06,384,0
26,4674.72,62,2101.82,617,0
31,5481.27,43,2578.97,615,0
27,1727.87,21,672.65,300,0
23,3053.39,33,1469.87,300,0
32,2204.08,0,1177.26,300,0
37,7449.53,47,3902.14,743,1
18,2309.76,51,1556.22,300,0
26,1647.83,12,475.56,318,0
41,3293.14,57,100.1,447,0
18,1792.97,51,1504.75,300,1
22,3096.17,28,770.28,300,0
33,3976.62,57,4023.13,643,0
21,8002.14,75,2933.58,591,0
18,285.84,26,4797.79,477,0
18,1772.03,12,870.01,300,0
21,3072.3,5,380.62,331,0
31,5794.11,62,1367.04,625,0
41,5100.01,39,5977.48,707,1
43,5266.12,10,2997.76,300,0
18,9768.03,93,6252.9,580,0
29,4592.79,19,1958.42,300,0
40,2382.81,15,1256.31,300,0
27,4344.4,34,1937.55,531,1
18,4733.65,64,1250.29,608,0
18,4105.41,39,8429.5,528,0
38,6339.52,26,4026.73,653,1
42,6415.15,5,3879.11,300,0
32,2256.59,12,762.14,300,0
38,5978.42,60,1244.95,611,1
39,3759.26,9,2765.78,300,0
24,3181.63,36,4759.36,605,0
23,1349.52,23,1359.02,371,0
28,3286.55,55,1704.03,528,0
42,6913.52,28,2519.83,479,1
18,5846.26,57,37.03,587,0
18,3579.07,9,1027.35,300,1
21,2812.64,20,726.54,401,0
29,9845.97,70,4247.5,586,0
28,4470.07,50,3139.74,619,0
18,296.76,35,4871.51,501,0
39,4.09,33,403.78,300,0
23,5788.16,59,643.29,602,0
33,5018.76,57,2692.54,632,0
48,3126.6,81,1017.44,523,1
18,127.07,44,3594.6,463,0
24,10254.89,103,6499.23,602,0
28,3149.86,11,535.57,330,0
30,2979.98,110,3021.87,459,1
32,2985.94,3,1042.29,300,0
27,8801.69,67,2869.39,595,0
18,4744.68,97,930.51,611,0
18,2188.7,3,807.51,350,0
23,4440.63,62,2225.73,618,0
18,2247.02,40,528.89,300,0
37,7016.56,72,144.36,637,0
18,1960.1,67,6850.5,585,0
26,5179.85,13,3542.37,578,0
48,5617.78,148,3789.84,592,1
28,5240.73,55,1721.66,605,0
27,447.44,56,3136.66,442,0
47,4832.07,36,5183.25,647,0
19,3683.42,26,2039.6,300,0
18,1953.27,3,561.24,323,0
29,1620.47,5,1011.65,300,0
23,6882.35,74,1395.14,602,0
29,3621.71,14,840.82,342,0
18,5047.8,72,279.74,589,0
46,9876.59,34,3530.44,777,1
20,1790.24,44,1434.57,447,1
22,7452.56,95,2806.84,619,0
18,1821.84,1,5565.19,400,0
18,245.79,10,1280.55,300,0
24,3021.96,7,1249.83,300,0
25,6926.55,41,185.57,583,0
27,4353.96,77,1980.93,633,0
24,3342.49,20,316.03,398,0
18,3783.05,20,3690.5,563,0
18,8823.43,95,5672.06,580,0
43,1905.2,38,838.82,309,0
21,848.69,12,1468.36,332,0
43,4654.61,0,5149.84,559,1
24,6852.91,51,266.18,589,0
22,3566.86,83,3660.38,300,0
18,858.66,78,5288.44,578,0
39,6862.65,34,1772.43,603,0
18,1419.75,24,3067.59,454,1
21,5121.61,38,2105.87,588,0
52,6609.67,8,6217.55,644,1
30,4504.22,44,3546.13,620,0
18,3699.96,43,3277.75,595,0
20,8732.47,88,4315.11,597,0
39,9608.44,46,2063.11,751,1
28,1984.93,5,4219.63,431,1
59,7696.78,3,8063.77,774,1
20,3627.85,85,956.02,523,1
27,5542.69,42,1974.53,598,0
21,5395.04,48,1278.16,589,0
20,897.88,52,4.94,373,1
25,5032.54,94,331.0,640,0
24,6197.58,65,101.86,602,0
34,3117.91,22,591.0,343,0
32,1510.48,25,8018.04,629,0
26,3847.79,50,3703.36,620,0
44,2607.69,1,8239.89,596,1
34,8311.32,33,246.9,587,0
25,6432.32,49,478.33,593,0
23,1946.33,24,6669.24,604,0
18,5164.57,77,7.87,604,0
31,2621.26,50,1001.79,458,0
32,2906.58,11,1968.03,300,0
18,0.9,43,258.27,352,1
20,2804.51,1,624.04,303,1
18,9932.89,107,7449.21,579,0
26,3743.54,79,2659.78,643,0
21,456.75,3,9532.31,596,0
38,5886.29,81,1259.67,658,0
18,634.85,28,2759.83,419,0
18,50.32,42,3667.56,471,0
18,689.61,12,1813.85,346,0
39,4833.4,14,5396.08,617,0
40,9605.38,24,7241.2,900,1
31,8650.61,82,3181.26,606,0
29,7159.15,58,2324.04,711,1
18,9983.28,74,5783.61,564,0
30,3421.41,55,4374.22,635,0
52,4031.14,64,5949.93,397,1
26,7438.5,58,1168.18,590,0
18,267.91,15,2620.24,300,0
18,6319.66,103,3668.32,591,0
19,437.86,7,2071.74,300,0
20,5387.03,51,1151.21,592,0
31,6234.0,57,926.57,613,0
61,11014.56,38,7632.81,900,1
18,1461.77,4,749.82,300,0
20,3689.36,135,3684.82,536,1
23,2543.83,24,86.81,300,1
28,4805.15,21,3855.58,590,0
29,4592.19,41,3327.75,606,0
18,1441.47,28,861.54,300,0
18,1621.4,2,4269.49,360,0
18,7919.49,79,3411.96,583,0
60,499.43,22,14231.29,671,1
35,2463.45,34,422.08,350,0
18,5736.46,68,367.57,595,0
18,6519.8,92,2427.88,600,0
18,1054.93,13,2437.04,392,0
23,9110.05,102,5062.47,612,0
18,1033.94,63,3542.33,548,0
38,6711.65,18,2871.4,603,0
18,1941.41,24,1594.9,300,1
23,283.94,69,1270.5,335,1
27,3886.04,39,4257.11,614,0
28,4246.66,34,4058.98,608,0
18,3418.8,50,2977.21,594,0
52,8030.9,32,6704.54,815,1
29,7820.82,47,820.6,588,0
18,3171.99,55,3605.33,615,0
25,3683.92,6,884.15,301,0
37,3101.75,100,1779.0,475,1
18,6978.53,82,2792.1,588,0
18,768.26,19,2043.57,375,0
37,5949.31,10,3748.33,590,0
36,4270.32,24,4977.71,608,0
20,736.61,37,7247.7,614,0
21,885.85,52,4273.71,468,0
28,9260.48,73,3600.61,599,0
24,6173.27,72,354.31,608,0
34,3806.63,41,3660.12,300,0
18,8166.65,82,3969.84,584,0
18,390.68,47,2498.49,300,1
47,3816.94,38,1319.13,358,0
37,1418.75,87,1702.14,382,1
29,1144.59,33,1307.6,375,0
18,5287.57,76,251.83,603,0
21,1634.3,23,2993.5,320,0
31,1008.5,59,2841.3,488,0
30,2120.62,9,7784.68,607,0
21,1161.77,55,885.2,356,1
26,930.33,29,1930.58,386,0
23,1994.93,51,2081.06,491,1
40,660.37,75,2183.54,472,0
27,2848.17,49,2159.04,300,0
24,1973.25,31,1072.63,402,0
33,6579.31,73,57.04,627,0
27,4175.7,61,2993.1,630,0
18,1970.95,20,21.04,300,0
18,1364.41,27,6224.25,589,0
41,5250.36,7,4727.1,588,1
33,5167.32,90,35.36,609,1
32,4186.41,52,3884.29,634,0
33,852.48,49,1229.28,391,0
31,778.22,21,1426.41,333,0
18,2167.88,66,5635.54,515,0
18,3515.9,26,1465.14,300,1
38,4347.0,39,4814.11,635,0
33,4089.15,49,327.64,483,0
19,2585.17,22,2699.71,476,1
21,6709.36,53,460.77,586,0
54,8510.08,77,232.59,666,0
19,7131.71,58,1331.41,582,0
21,5923.36,64,21.5,600,0
27,1805.74,21,1238.69,374,0
18,248.51,13,3739.74,418,1
34,2407.02,8,4394.69,436,1
33,3232.33,13,628.95,327,0
18,1854.69,60,2053.62,300,0
28,5822.95,96,373.56,645,0
21,490.22,45,2599.7,442,0
53,3446.81,19,8867.64,594,1
24,6809.97,65,586.2,608,0
43,3729.08,36,4460.33,409,1
29,2093.76,23,1858.61,300,1
24,849.92,7,753.17,300,0
18,6911.25,76,2643.72,575,0
33,7183.79,80,1024.36,624,0
32,3801.27,5,1292.62,300,0
25,5533.43,6,1439.79,351,0
30,4525.33,54,4193.59,670,1
57,8645.68,1,6226.09,732,1
51,4318.62,89,932.57,506,1
18,1581.39,6,2039.58,379,0
34,4663.0,71,849.52,577,1
18,528.9,33,4039.24,483,0
18,2211.79,45,6308.41,505,0
36,1749.56,28,224.39,315,0
42,5935.81,91,994.8,588,1
21,930.72,41,487.51,300,1
18,10349.14,121,8290.39,595,0
40,1420.64,56,886.85,404,0
25,4816.43,52,2381.54,613,0
23,5949.24,53,592.44,592,0
20,5369.48,60,788.03,599,0
30,7104.14,43,495.14,598,0
18,41.76,37,7584.19,611,0
18,1197.68,46,446.58,300,1
22,2097.07,21,1150.14,390,0
36,4799.34,78,2396.43,657,0
27,684.38,38,1968.54,397,1
22,2432.7,18,6212.29,592,0
18,7330.01,46,1946.59,552,0
18,819.37,72,1181.5,380,1
26,4792.14,67,4277.33,300,0
40,7340.84,47,4376.53,753,1
18,1489.52,15,7145.28,592,0
26,1599.6,72,2934.09,553,0
29,5811.13,55,3227.23,685,1
57,4146.56,6,10649.74,716,1
31,2393.91,19,7262.15,620,0
18,1186.0,24,4654.85,433,0
35,1854.73,64,772.13,446,1
61,8696.48,25,9035.71,900,1
30,6373.51,64,430.35,617,0
24,3267.63,17,95.0,380,0
26,6772.49,45,301.23,590,0
18,7990.2,87,4388.41,577,0
21,2624.81,4,235.19,300,0
37,4143.24,7,2516.33,300,0
18,2128.36,7,5632.52,388,0
35,2327.62,47,1309.24,445,0
37,5797.96,26,4370.19,300,0
18,396.49,89,2041.03,368,1
20,10733.98,66,5960.0,560,0
69,11792.0,2,8178.1,900,1
59,6230.65,18,8897.37,698,1
25,2605.63,24,602.32,300,0
40,1267.2,13,903.94,300,0
49,11201.2,127,6045.62,672,0
18,2607.33,30,5618.81,431,0
35,5069.09,69,1071.15,595,1
59,12300.39,76,6923.92,900,1
44,8203.24,79,1065.98,642,0
19,2848.1,34,3129.92,532,1
48,3994.04,21,2492.45,300,0
18,3786.43,29,532.34,300,1
33,7754.08,13,479.34,546,1
43,10162.59,21,1228.86,673,1
29,1610.77,25,7751.68,624,0
30,7551.06,74,1527.45,610,0
51,4529.12,12,7874.29,619,1
18,1201.73,41,1056.32,323,1
31,8139.48,75,1979.83,616,0
20,391.77,44,4041.87,462,0
23,9434.14,61,4070.76,566,0
31,1914.56,1,257.89,300,0
18,4203.61,34,2044.34,561,0
56,8239.44,7,6205.85,702,1
18,6044.32,63,1365.04,574,0
18,301.85,35,272.86,307,1
24,7569.68,83,2487.56,605,0
19,1195.8,29,1723.41,305,1
18,8612.23,79,4214.48,581,0
35,8404.14,68,1793.67,610,0
32,231.04,65,2786.82,449,0
70,5608.1,16,13072.48,823,1
43,4798.82,64,2454.4,306,1
26,8556.19,65,2513.95,597,0
41,4597.46,62,1185.58,553,1
39,5053.37,3,2963.74,300,0
51,11691.08,53,4093.09,900,1
35,4904.17,63,458.54,548,1
37,3445.03,28,6306.43,634,0
20,3090.09,31,1963.63,300,0
18,317.16,57,553.78,300,0
30,81.03,38,2012.11,365,0
21,3580.67,18,901.89,300,0
26,9913.78,126,6857.15,627,0
18,5012.61,44,885.02,568,0
20,7780.98,71,2622.55,587,0
22,4031.18,34,3659.24,594,0
19,978.79,50,6445.99,626,0
26,2813.72,11,92.83,340,0
37,2743.17,33,4.5,374,0
20,3199.44,7,502.28,302,0
28,5831.87,63,1116.34,624,0
29,6443.05,37,1407.0,596,0
18,9074.42,95,5242.3,595,0
42,2112.66,43,1398.09,418,1
19,6220.06,71,795.27,598,0
34,4885.7,37,3747.56,619,1
53,7944.42,61,9018.48,900,1
30,4051.74,36,2996.44,559,1
18,2112.37,14,922.97,312,0
26,8958.45,79,4105.89,585,0
28,5383.95,48,2026.41,608,0
30,6669.14,61,216.07,613,0
29,5201.42,21,3514.51,593,0
21,1893.42,1,550.86,313,0
24,3838.71,48,3542.51,611,0
33,4354.66,36,3447.42,300,0
69,9856.05,0,9281.48,884,1
32,4201.86,45,4053.04,625,0
26,7588.84,97,2730.88,626,0
18,1752.13,25,136.95,300,0
27,4474.83,43,3210.7,300,0
18,590.88,14,3107.85,355,0
18,3818.52,85,331.7,602,0
21,75.23,30,2802.85,397,0
41,9532.15,76,2759.48,628,0
23,10085.97,113,6939.76,604,0
18,8981.66,102,5715.28,594,0
18,4797.4,94,335.15,624,0
18,8715.99,97,5226.43,593,0
25,6853.88,85,1389.13,621,0
42,5013.08,13,5094.39,606,1
18,7083.54,70,1994.87,586,0
33,5682.03,69,1317.33,631,0
18,6482.69,38,52.66,565,0
42,3682.65,35,1111.74,363,0
61,7689.24,25,9921.28,896,1
18,570.91,18,592.26,300,0
18,5952.03,105,2381.9,616,0
18,7099.81,64,2149.74,571,0
23,2340.52,6,464.34,335,0
18,8427.13,111,5535.74,602,0
23,1021.11,10,563.28,300,0
41,6024.5,9,3711.15,583,1
37,1219.04,90,2363.91,541,0
50,4847.68,8,8457.57,705,1
21,6132.56,71,497.71,603,0
23,1219.02,81,5309.08,562,0
39,5461.31,0,3808.63,300,0
19,7196.63,81,2365.17,601,0
41,4359.77,9,5712.4,597,1
18,8438.74,70,5250.58,541,0
23,2931.9,20,5770.38,599,0
27,4524.9,59,2636.52,623,0
22,2362.15,67,5024.68,473,0
33,4995.86,72,1972.73,638,0
19,6083.9,35,664.59,565,0
25,2898.17,41,5247.48,622,0
47,1438.13,23,9817.22,665,0
18,1760.93,4,3250.17,300,0
25,512.09,59,3319.96,457,0
18,8218.43,88,5880.07,550,0
18,3640.91,72,522.03,512,1
23,7096.97,93,2354.54,618,0
29,3537.74,64,430.78,508,1
34,2500.5,19,199.1,327,0
18,473.51,55,521.2,320,1
23,1003.61,0,434.71,300,0
29,4178.41,32,3634.72,300,0
18,9764.92,94,6941.99,565,0
52,6029.34,23,8674.53,791,1
30,6224.46,52,1121.65,611,0
18,427.59,86,2325.43,362,1
18,83.37,26,1990.61,381,1
18,3331.35,56,7971.56,567,0
18,1195.06,17,1004.69,300,0
56,6336.58,23,10312.31,861,1
39,3970.84,34,153.71,427,0
30,646.4,7,4298.46,408,1
22,3292.44,18,5441.09,597,0
18,367.17,6,3683.48,366,1
27,3255.11,74,119.27,512,1
18,313.32,5,3933.83,393,0
43,6763.57,67,7349.04,300,0
18,8446.39,51,3060.36,554,0
36,2167.23,43,1051.27,417,1
35,7940.16,67,1035.54,622,0
59,7197.76,26,9798.57,877,1
22,8517.08,91,4048.54,604,0
18,1473.19,88,3189.08,300,1
38,7622.43,28,4828.05,300,0
18,1031.26,33,3369.98,387,0
25,1462.17,45,1617.33,433,1
34,3393.93,28,844.68,357,0
46,6406.18,37,3022.47,628,0
23,338.48,15,9217.43,619,0
45,5978.25,15,3523.03,305,0
49,2816.27,9,10082.92,693,1
23,6463.14,62,90.76,607,0
32,9194.8,82,3521.69,612,0
33,5720.77,72,1367.81,642,0
40,1296.84,41,9.72,331,0
19,3963.74,51,2789.69,603,0
20,7033.24,58,1199.97,582,0
18,1347.72,10,5338.57,432,0
48,6115.38,18,7041.22,727,1
18,1109.02,37,3330.67,393,0
18,7475.06,121,5474.82,597,0
39,10177.07,84,4055.3,622,0
28,7144.3,66,812.37,608,0
35,8228.94,85,2254.69,628,0
38,4473.21,0,3365.09,300,0
34,5886.37,97,462.17,635,1
18,142.09,21,7640.64,582,0
18,4478.62,19,3122.56,328,1
27,395.81,91,4526.44,582,0
20,11135.07,93,7610.51,575,0
32,3233.88,17,104.02,359,0
46,528.77,26,9110.88,485,1
22,9288.09,78,4694.17,579,0
38,7207.3,52,4009.02,748,1
18,7228.4,50,1314.65,571,0
18,537.05,63,506.15,375,1
40,6343.29,39,5221.79,726,1
18,7039.2,81,2349.35,596,0
31,1913.73,40,773.19,396,0
22,5016.98,78,4581.32,300,0
48,8008.88,14,5002.43,711,1
25,6750.83,63,420.38,606,0
26,8212.74,90,3495.71,605,0
30,1627.63,51,1522.85,443,0
33,4814.52,54,3162.25,633,0
30,4698.09,54,3024.03,628,0
28,3510.76,45,4580.22,626,0
18,10468.29,113,8952.77,568,0
24,1824.83,9,5205.99,461,1
18,1011.98,22,2977.09,300,0
25,4278.72,53,2005.45,578,1
23,1012.22,10,790.37,300,0
36,5248.3,42,3001.36,613,0
18,2000.48,107,3354.65,419,1
50,3440.89,8,9385.91,685,1
18,5663.89,109,3996.5,579,0
20,5128.96,57,1221.65,599,0
18,443.97,27,3283.38,437,0
25,6495.88,62,271.77,598,0
27,1750.68,47,2438.56,479,0
18,1534.28,1,1248.28,335,0
18,747.1,66,4663.24,593,0
34,5830.52,11,3245.28,300,0
18,1656.4,27,411.46,300,0
18,1299.51,100,6557.75,663,0
22,3060.89,77,133.28,509,1
28,1197.96,35,1817.65,404,0
29,2392.63,47,1969.24,481,0
28,1597.69,70,486.3,414,1
23,7701.54,77,2406.04,600,0
28,1682.14,7,3359.78,380,1
19,1012.68,9,1233.44,325,0
18,7845.41,81,3485.84,588,0
38,5847.55,75,1522.91,652,0
24,6635.84,55,25.27,600,0
22,4102.45,23,4244.72,593,0
18,8538.58,99,4929.41,599,0
50,6777.84,23,7413.91,776,1
41,4686.5,109,1892.45,550,1
33,2158.56,25,399.06,354,0
43,3726.65,25,5330.34,469,1
29,6633.42,51,1914.19,657,1
36,1824.44,73,1615.74,498,0
65,9240.62,31,9947.53,900,1
41,3756.2,23,1459.9,325,0
22,2058.57,5,754.54,336,0
18,1750.27,11,2103.03,356,0
35,6006.28,45,3949.93,686,1
32,6799.69,39,1046.15,596,0
31,4683.29,76,2146.58,645,0
19,4891.08,60,1318.68,604,0
64,5987.66,6,10867.42,785,1
18,3019.59,107,2858.96,481,1
28,2976.6,11,1480.14,300,0
24,3571.8,51,3750.82,616,0
19,1762.1,13,801.12,300,0
29,3164.67,2,1084.01,300,0
27,4438.33,33,3717.78,603,0
21,184.35,0,996.04,300,0
49,9543.02,8,3999.89,716,1
28,3733.76,49,4011.84,621,0
18,2878.9,14,397.11,312,0
19,1035.65,39,2859.74,462,0
18,2.49,15,2387.16,347,0
54,5161.89,17,7458.42,610,1
26,3204.26,33,5006.64,606,0
38,6535.17,60,5150.63,786,1
42,2737.9,37,553.54,353,0
27,4529.06,48,2935.06,609,0
28,4077.0,23,646.08,392,0
18,6064.48,87,2200.24,592,0
31,1411.43,34,558.22,355,0
24,8689.93,74,3454.02,592,0
18,5829.5,52,191.2,582,0
18,6113.52,94,1982.08,608,0
32,4723.91,45,3406.72,620,0
27,2791.86,24,349.33,385,0
31,1976.57,22,7488.88,618,0
35,3083.42,49,759.43,458,0
21,1222.68,19,541.87,300,0
54,5684.89,39,10519.1,885,1
18,5558.71,90,2419.39,582,0
32,2213.48,54,2229.51,498,1
42,11479.02,88,5556.72,620,0
21,3149.64,40,4498.75,609,0
41,3450.43,26,1511.2,318,0
31,80.13,7,10502.21,627,0
31,3718.13,59,363.34,496,1
18,4343.08,56,847.56,573,0
25,3375.98,60,1205.9,529,1
18,326.72,55,5357.74,593,0
45,6464.63,17,3810.25,319,0
18,1678.07,15,927.85,300,0
18,2020.66,65,2621.78,300,1
22,1674.49,73,2367.61,358,1
27,3692.56,33,4537.01,603,0
49,4530.11,52,2107.15,550,1
40,3890.53,115,4650.72,426,1
32,2216.81,58,1284.58,470,1
22,1839.39,18,3289.93,455,1
18,2489.1,29,128.98,300,0
49,10058.52,75,7024.9,900,1
38,5388.9,65,6744.6,813,1
37,3526.51,49,5241.21,648,0
33,11438.04,121,7803.83,626,0
21,6411.44,95,1729.21,623,0
36,4011.58,0,2181.33,300,0
32,5860.26,43,2110.11,609,0
44,5145.27,89,797.99,619,1
32,5179.66,42,3046.57,616,0
18,7272.89,79,2615.8,591,0
37,4838.15,72,5790.69,300,0
18,1442.79,18,1499.25,300,0
18,3316.46,64,6505.56,501,0
33,1016.51,1,628.73,300,0
18,4678.01,51,1894.48,597,0
41,2075.01,84,1654.19,526,0
32,6418.51,34,3407.07,300,0
18,385.52,12,2154.09,325,0
18,3591.76,57,2447.62,597,0
18,4445.24,53,1902.75,594,0
34,2664.07,11,27.96,323,0
25,7196.06,82,1672.29,619,0
33,2760.51,20,2391.53,300,0
20,2855.5,5,115.88,336,0
31,1922.8,14,1.17,306,0
18,3542.43,53,7834.11,542,0
33,3667.18,22,839.05,355,0
24,1447.23,9,37.51,300,0
45,7383.21,66,503.24,639,0
21,2507.55,19,820.55,390,0
61,11265.28,43,7851.67,900,1
37,4839.31,47,985.08,449,0
18,824.39,45,1833.69,300,0
18,4895.46,64,742.4,597,0
46,6208.51,66,3005.28,689,1
31,2976.43,52,1408.72,493,1
18,3046.95,53,3373.34,601,0
21,4405.23,43,3020.36,300,0
44,7738.22,2,4715.23,300,0
22,5473.41,30,817.19,466,0
33,7644.75,65,746.42,618,0
21,1402.61,54,3540.18,426,0
18,7039.18,48,935.92,574,0
18,1156.68,15,1988.95,380,0
25,2422.19,19,1116.5,300,0
32,5895.15,57,1483.15,620,0
36,7494.38,60,186.51,618,0
18,3605.78,29,180.91,300,1
35,3643.92,1,2308.3,300,0
34,5244.66,2,6063.19,639,1
54,3942.09,12,9432.39,652,1
26,114.09,28,2123.78,360,0
33,5932.62,60,1374.64,623,0
18,5911.58,55,583.63,568,0
33,7837.47,45,1720.73,674,1
33,3909.98,27,5382.82,621,0
25,1658.49,24,3155.99,324,0
18,270.86,21,3201.24,387,0
40,5598.58,29,3840.92,622,0
47,7990.09,36,5776.4,795,1
18,2370.17,6,2031.53,414,0
18,2328.62,46,3223.12,560,0
22,2402.82,12,399.76,300,0
36,3494.15,12,4851.23,544,1
36,5959.55,66,1541.31,639,0
21,2168.73,40,2449.26,490,1
18,2528.05,55,3965.02,607,0
37,5305.59,19,2053.46,359,0
18,160.32,14,4508.97,448,0
21,7344.21,118,3835.76,632,0
19,5249.86,71,208.21,601,0
18,1490.86,61,201.02,416,1
18,5606.41,68,31.91,600,0
18,5949.84,75,1656.11,581,0
18,392.44,16,2823.19,387,0
18,5093.57,51,2201.95,300,0
18,1062.35,34,2513.75,443,0
28,1725.39,38,6803.2,626,0
25,1943.92,4,7674.17,592,0
18,2670.13,23,4665.69,353,0
38,8714.57,44,2293.67,722,1
28,1103.21,23,586.41,323,0
52,9289.48,37,6793.05,880,1
41,1474.43,52,8102.94,677,0
31,106.04,71,3429.73,504,0
21,999.42,11,1237.88,328,0
18,1601.83,29,957.12,300,0
34,3128.83,30,760.05,356,0
18,7989.67,67,3373.27,565,0
37,7097.07,52,940.89,625,0
50,6510.75,6,4582.13,300,0
18,1229.16,12,1641.4,317,0
32,3336.14,84,291.27,537,1
42,2898.93,47,215.91,396,0
37,4980.79,12,3333.59,300,0
18,7764.38,106,6141.11,566,0
28,5086.58,28,2825.58,300,0
28,2835.26,58,1742.58,519,1
19,7771.24,110,4337.59,612,0
23,3682.62,45,3959.21,616,0
32,1783.88,1,1646.98,300,0
45,7321.65,42,6062.84,796,1
23,1288.93,22,2871.94,426,1
18,5302.27,81,975.62,591,0
28,2222.31,4,754.99,300,0
30,2356.76,26,600.97,376,0
18,3754.42,36,1059.86,300,0
21,2025.04,43,1701.94,461,1
24,5574.67,79,278.97,625,0
21,4642.63,32,2871.69,300,0
30,2610.47,30,215.85,380,0
18,7277.7,69,2324.47,583,0
22,3364.82,27,4864.06,598,0
22,462.19,0,449.69,300,0
62,2243.52,24,12972.5,680,1
18,784.0,21,3273.08,300,0
41,9379.71,92,3267.64,638,0
26,3292.26,59,905.17,509,1
35,3464.74,33,823.82,372,0
24,1950.67,52,1952.11,486,1
26,5476.49,42,2080.12,600,0
18,222.0,44,16.57,331,1
28,4076.96,46,3625.75,613,0
23,7354.65,35,373.63,567,0
18,7248.03,106,4222.87,602,0
41,2896.35,61,840.3,470,1
29,6572.46,41,977.28,594,0
26,3119.84,7,1764.8,414,1
24,4618.55,56,2446.43,619,0
32,4534.44,13,4789.07,593,0
18,6390.3,87,1889.52,604,0
48,6725.52,44,7728.98,839,1
18,3587.92,65,2916.86,300,1
25,5091.11,61,1510.51,612,0
34,809.62,74,216.87,407,1
20,5534.62,63,558.62,603,0
47,11395.65,34,3149.24,822,1
28,7163.24,73,997.1,616,0
18,8296.14,104,5276.58,591,0
31,11208.21,107,7250.16,608,0
34,4780.04,96,408.26,591,1
32,2222.22,43,1314.01,436,0
18,3607.47,2,1896.56,300,1
21,2905.3,23,952.98,419,0
22,996.18,33,2354.1,422,0
18,833.29,3,1816.27,331,0
18,1156.25,20,1462.53,300,0
18,1683.78,44,514.03,300,0
35,1805.48,26,369.01,309,0
26,4961.18,78,5790.7,300,0
24,1102.05,39,2283.14,300,1
38,5145.23,3,3868.27,530,1
18,4138.48,47,2578.23,594,0
28,181.76,14,952.03,300,0
30,5959.09,72,736.47,632,0
21,2645.29,19,584.34,386,0
18,754.15,37,755.73,300,0
35,1224.06,47,967.59,386,0
18,1175.63,1,2081.72,358,0
18,4010.01,37,3124.89,587,0
19,509.52,96,3249.77,339,1
18,8185.77,87,4499.24,581,0
35,7436.06,50,218.33,609,0
29,8422.76,91,1879.5,820,1
30,9231.61,72,3464.46,597,0
18,2666.01,1,1985.27,300,1
42,6093.33,30,3942.3,643,1
32,4967.87,87,1413.36,653,0
31,7179.93,19,1310.44,575,0
42,4626.59,12,3903.6,300,0
18,2130.24,17,4269.75,300,0
27,4015.94,41,2554.87,558,1
18,3673.37,67,1702.76,601,0
19,5573.04,45,1341.75,489,1
30,3179.6,97,838.35,521,1
35,8364.79,50,1003.83,598,0
18,4940.8,12,6794.92,300,0
29,4643.48,3,1883.8,301,0
37,3184.92,25,2981.87,300,0
19,6940.41,30,143.14,555,0
26,326.11,42,1642.48,300,0
18,5716.41,68,18.54,606,0
18,2111.72,17,1747.93,300,0
28,10250.95,121,6744.41,627,0
19,3128.75,15,5300.57,582,0
18,6070.57,65,479.58,595,0
27,6818.71,2,2202.99,378,1
18,8754.28,102,6847.97,563,0
21,2670.11,47,1841.43,300,0
18,3628.42,46,3267.9,598,0
22,330.03,2,1266.73,300,0
20,864.7,12,729.6,300,1
18,3640.65,16,487.61,305,0
30,461.5,48,2162.55,414,0
27,4163.74,18,891.12,375,0
18,659.97,6,3053.44,335,0
25,717.6,45,2458.68,437,0
31,1225.88,15,1068.26,300,0
18,3349.32,36,3996.54,592,0
29,541.18,40,622.36,300,1
20,4226.44,39,2926.39,589,0
18,983.8,10,2635.54,317,0
18,1862.66,1,953.64,342,0
23,5669.42,66,715.61,617,0
23,990.37,32,2685.2,430,0
22,7717.4,64,2295.07,577,0
30,5269.57,37,2761.27,602,0
18,96.71,49,1028.08,303,1
71,5424.33,2,14846.18,900,1
51,372.55,12,11823.18,610,1
27,2093.49,23,7119.27,618,0
18,8577.06,54,3811.3,534,1
18,522.43,60,1032.36,317,1
33,3386.54,56,4652.71,642,0
52,6336.5,19,4421.71,300,0
18,5031.47,70,4.66,592,0
22,919.79,39,2079.57,423,0
33,9300.78,75,3292.1,608,0
26,2488.59,8,647.5,300,0
44,3214.6,118,2697.76,475,1
20,636.15,32,1033.78,357,1
48,7179.82,38,6966.45,813,1
38,615.49,75,642.73,363,1
25,1493.62,53,4846.76,464,0
18,4787.11,45,1302.53,572,0
36,7596.4,75,1086.62,621,0
